type,key,timestamp,time_delay,word_color,word_text,timestamp_stim
concordant,none,,-1,yellow,yellow,1627405921.2558696
concordant,none,,-1,green,green,1627405923.292873
concordant,none,,-1,red,red,1627405925.3138692
concordant,none,,-1,yellow,yellow,1627405927.331871
concordant,none,,-1,green,green,1627405929.3478692
concordant,none,,-1,yellow,yellow,1627405931.3638709
concordant,none,,-1,red,red,1627405933.3808694
concordant,none,,-1,green,green,1627405935.3998725
concordant,none,,-1,red,red,1627405937.410869
concordant,none,,-1,green,green,1627405939.42887
concordant,none,,-1,red,red,1627405941.44987
concordant,none,,-1,green,green,1627405943.470869
concordant,none,,-1,yellow,yellow,1627405945.4898703
concordant,none,,-1,red,red,1627405947.504872
concordant,none,,-1,yellow,yellow,1627405949.5238705
concordant,none,,-1,red,red,1627405951.540868
concordant,none,,-1,green,green,1627405953.557869
concordant,none,,-1,yellow,yellow,1627405955.5748658
concordant,none,,-1,green,green,1627405957.5888727
concordant,none,,-1,yellow,yellow,1627405959.6038682
concordant,none,,-1,red,red,1627405961.6178691
concordant,none,,-1,green,green,1627405963.6328714
concordant,none,,-1,yellow,yellow,1627405965.6508696
concordant,none,,-1,green,green,1627405967.6698694
concordant,none,,-1,yellow,yellow,1627405969.6878688
type,key,timestamp,time_delay,word_color,word_text,timestamp_stim
discordant,none,,-1,yellow,green,1627406053.5808938
discordant,none,,-1,green,yellow,1627406055.6218903
discordant,none,,-1,red,green,1627406057.639893
discordant,none,,-1,green,red,1627406059.6638918
discordant,none,,-1,red,yellow,1627406061.681892
discordant,none,,-1,yellow,green,1627406063.7018974
discordant,none,,-1,red,yellow,1627406065.7178898
discordant,none,,-1,yellow,green,1627406067.7378938
discordant,none,,-1,red,yellow,1627406069.7558916
discordant,none,,-1,yellow,green,1627406071.7678905
discordant,none,,-1,green,yellow,1627406073.7868922
discordant,none,,-1,yellow,red,1627406075.802891
discordant,none,,-1,red,green,1627406077.8258893
discordant,none,,-1,green,red,1627406079.8408911
discordant,none,,-1,yellow,green,1627406081.854891
discordant,none,,-1,green,red,1627406083.8728993
discordant,none,,-1,yellow,green,1627406085.8938954
discordant,none,,-1,red,yellow,1627406087.9118915
discordant,none,,-1,green,red,1627406089.9298959
discordant,none,,-1,yellow,green,1627406091.948891
discordant,none,,-1,red,yellow,1627406093.9628916
discordant,none,,-1,green,red,1627406095.9758918
discordant,none,,-1,red,green,1627406097.9948924
discordant,none,,-1,green,red,1627406100.0128906
discordant,none,,-1,red,green,1627406102.0298922
type,key,timestamp,time_delay,word_color,word_text,timestamp_stim
concordant,none,,-1,red,red,1627406185.9426184
concordant,none,,-1,yellow,yellow,1627406187.9746194
concordant,none,,-1,green,green,1627406189.9996202
concordant,none,,-1,red,red,1627406192.0156174
concordant,none,,-1,yellow,yellow,1627406194.0326219
concordant,none,,-1,red,red,1627406196.0476286
concordant,none,,-1,green,green,1627406198.0616179
concordant,none,,-1,red,red,1627406200.0756197
concordant,none,,-1,yellow,yellow,1627406202.0926213
concordant,none,,-1,green,green,1627406204.1096191
concordant,none,,-1,yellow,yellow,1627406206.1276238
concordant,none,,-1,red,red,1627406208.146623
concordant,none,,-1,yellow,yellow,1627406210.1606197
concordant,none,,-1,green,green,1627406212.17262
concordant,none,,-1,red,red,1627406214.19262
concordant,none,,-1,green,green,1627406216.2066195
concordant,none,,-1,red,red,1627406218.2206192
concordant,none,,-1,green,green,1627406220.2356215
concordant,none,,-1,yellow,yellow,1627406222.2506201
concordant,none,,-1,green,green,1627406224.2636173
concordant,none,,-1,yellow,yellow,1627406226.2806218
concordant,none,,-1,red,red,1627406228.2956223
concordant,none,,-1,green,green,1627406230.3106189
concordant,none,,-1,yellow,yellow,1627406232.326619
concordant,none,,-1,green,green,1627406234.3416188
type,key,timestamp,time_delay,word_color,word_text,timestamp_stim
discordant,none,,-1,green,yellow,1627406318.249917
discordant,none,,-1,red,green,1627406320.283918
discordant,none,,-1,yellow,red,1627406322.3019178
discordant,none,,-1,green,yellow,1627406324.3179162
discordant,none,,-1,yellow,green,1627406326.334917
discordant,none,,-1,green,yellow,1627406328.3489158
discordant,none,,-1,yellow,green,1627406330.36492
discordant,none,,-1,red,yellow,1627406332.3819165
discordant,none,,-1,yellow,green,1627406334.396919
discordant,none,,-1,red,yellow,1627406336.4099162
discordant,none,,-1,yellow,green,1627406338.4299226
discordant,none,,-1,red,yellow,1627406340.4479167
discordant,none,,-1,green,red,1627406342.4629188
discordant,none,,-1,red,yellow,1627406344.4809139
discordant,none,,-1,yellow,red,1627406346.4959166
discordant,none,,-1,red,yellow,1627406348.5109143
discordant,none,,-1,yellow,red,1627406350.529921
discordant,none,,-1,green,yellow,1627406352.5499175
discordant,none,,-1,red,green,1627406354.5649154
discordant,none,,-1,yellow,red,1627406356.5799165
discordant,none,,-1,green,yellow,1627406358.6009161
discordant,none,,-1,red,green,1627406360.6159148
discordant,none,,-1,yellow,red,1627406362.6319144
discordant,none,,-1,green,yellow,1627406364.646602
discordant,none,,-1,yellow,green,1627406366.6592424
