{
    "params": {
        "study": "default",
        "session_type": "Stroop_speech",
        "eeg_device": "EPOC X",
        "participant_id": "blue-jay",
        "group": "default",
        "age": "40",
        "comments": "",
        "session_uuid": "f4138701-ad79-43a6-8e6d-f5658b8a2ef6",
        "timestamp": "20210727-130952"
    },
    "data_file": {
        "audio": "output/audio/20210727-130952_default_blue-jay.wav",
        "EEG": "output/EEG/EPOCX/blue jay stroop speech_EPOCX_120482_2021.07.27T13.10.25.04.00.csv|output/EEG/EPOCX/blue jay stroop speech_EPOCX_120482_2021.07.27T13.10.25.04.00.edf|output/EEG/EPOCX/blue jay stroop speech_EPOCX_120482_2021.07.27T13.10.25.04.00.json|output/EEG/EPOCX/blue jay stroop speech_EPOCX_120482_2021.07.27T13.10.25.04.00.mdedf",
        "keyboard": "output/keyboard/20210727-130952_default_blue-jay.csv"
    },
    "EEG_marks": {
        "EEG_markers": [
            {
                "name": "Stroop test",
                "type": "task",
                "mark": 80
            },
            {
                "name": "Relax",
                "type": "task",
                "mark": 73
            },
            {
                "name": "Concordant",
                "type": "stimulus",
                "mark": 1
            },
            {
                "name": "Discordant",
                "type": "stimulus",
                "mark": 2
            }
        ]
    },
    "task_log": [
        {
            "name": "text",
            "start": 1627405839.3488696,
            "end": 1627405844.3708706
        },
        {
            "name": "audio",
            "start": 1627405844.3708706,
            "end": 1627405844.4428709,
            "filename": "audio/audio_2547fa5a12-1min.mp3"
        },
        {
            "name": "video",
            "start": 1627405844.4428709,
            "end": 1627405908.2898698,
            "filename": "video/Background-8788.mp4"
        },
        {
            "name": "image",
            "start": 1627405908.2898698,
            "end": 1627405918.4658687,
            "filename": "images/stroop_instructions_speak.png"
        },
        {
            "name": "audio",
            "start": 1627405918.466871,
            "end": 1627405921.1618674,
            "filename": "audio/voice_speak_your_answers.mp3"
        },
        {
            "name": "stroop",
            "start": 1627405921.1618674,
            "end": 1627405971.7048683
        },
        {
            "name": "text",
            "start": 1627405971.7048683,
            "end": 1627405976.7428696
        },
        {
            "name": "audio",
            "start": 1627405976.7428696,
            "end": 1627405976.8068671,
            "filename": "audio/audio_2547fa5a12-1min.mp3"
        },
        {
            "name": "video",
            "start": 1627405976.8068671,
            "end": 1627406040.610967,
            "filename": "video/Background-8788.mp4"
        },
        {
            "name": "image",
            "start": 1627406040.610967,
            "end": 1627406050.786966,
            "filename": "images/stroop_instructions_speak.png"
        },
        {
            "name": "audio",
            "start": 1627406050.786966,
            "end": 1627406053.4928937,
            "filename": "audio/voice_speak_your_answers.mp3"
        },
        {
            "name": "stroop",
            "start": 1627406053.4928937,
            "end": 1627406104.0448928
        },
        {
            "name": "text",
            "start": 1627406104.0448928,
            "end": 1627406109.0858936
        },
        {
            "name": "audio",
            "start": 1627406109.0858936,
            "end": 1627406109.1508906,
            "filename": "audio/audio_2547fa5a12-1min.mp3"
        },
        {
            "name": "video",
            "start": 1627406109.1508906,
            "end": 1627406172.9704037,
            "filename": "video/Background-8788.mp4"
        },
        {
            "name": "image",
            "start": 1627406172.9704037,
            "end": 1627406183.1444044,
            "filename": "images/stroop_instructions_speak.png"
        },
        {
            "name": "audio",
            "start": 1627406183.1444044,
            "end": 1627406185.8636174,
            "filename": "audio/voice_speak_your_answers.mp3"
        },
        {
            "name": "stroop",
            "start": 1627406185.8636174,
            "end": 1627406236.3546197
        },
        {
            "name": "text",
            "start": 1627406236.3546197,
            "end": 1627406241.3826222
        },
        {
            "name": "audio",
            "start": 1627406241.3826222,
            "end": 1627406241.4436188,
            "filename": "audio/audio_2547fa5a12-1min.mp3"
        },
        {
            "name": "video",
            "start": 1627406241.4446187,
            "end": 1627406305.2759178,
            "filename": "video/Background-8788.mp4"
        },
        {
            "name": "image",
            "start": 1627406305.2759178,
            "end": 1627406315.455917,
            "filename": "images/stroop_instructions_speak.png"
        },
        {
            "name": "audio",
            "start": 1627406315.455917,
            "end": 1627406318.1589148,
            "filename": "audio/voice_speak_your_answers.mp3"
        },
        {
            "name": "stroop",
            "start": 1627406318.1589148,
            "end": 1627406368.669478
        }
    ]
}