{
    "Markers": [
        {
            "endDatetime": "2021-06-17T14:06:43.566452-04:00",
            "extras": {
            },
            "index": 1,
            "label": "InletPort",
            "originalEndDatetime": "2021-06-17T14:06:43.566110-04:00",
            "originalStartDatetime": "2021-06-17T14:06:43.566110-04:00",
            "port": "InletPort",
            "startDatetime": "2021-06-17T14:06:43.566452-04:00",
            "type": "instance",
            "uuid": "b4d588a1-a898-4a8b-a582-b34b8e2d7193",
            "value": 90
        },
        {
            "endDatetime": "2021-06-17T14:06:43.956513-04:00",
            "extras": {
            },
            "index": 2,
            "label": "InletPort",
            "originalEndDatetime": "2021-06-17T14:06:43.956115-04:00",
            "originalStartDatetime": "2021-06-17T14:06:43.956115-04:00",
            "port": "InletPort",
            "startDatetime": "2021-06-17T14:06:43.956513-04:00",
            "type": "instance",
            "uuid": "de4386e5-b6f0-429c-b04f-ce48bb9bde2e",
            "value": 70
        },
        {
            "endDatetime": "2021-06-17T14:06:48.969532-04:00",
            "extras": {
            },
            "index": 3,
            "label": "InletPort",
            "originalEndDatetime": "2021-06-17T14:06:48.970859-04:00",
            "originalStartDatetime": "2021-06-17T14:06:48.970859-04:00",
            "port": "InletPort",
            "startDatetime": "2021-06-17T14:06:48.969532-04:00",
            "type": "instance",
            "uuid": "5fe36fd2-c420-48f6-8e12-b65fd84ac75c",
            "value": 1070
        },
        {
            "endDatetime": "2021-06-17T14:06:48.969532-04:00",
            "extras": {
            },
            "index": 4,
            "label": "InletPort",
            "originalEndDatetime": "2021-06-17T14:06:48.970859-04:00",
            "originalStartDatetime": "2021-06-17T14:06:48.970859-04:00",
            "port": "InletPort",
            "startDatetime": "2021-06-17T14:06:48.969532-04:00",
            "type": "instance",
            "uuid": "71d7f9ba-d3e2-4860-baff-5d58da60e9d5",
            "value": 72
        },
        {
            "endDatetime": "2021-06-17T14:06:49.098385-04:00",
            "extras": {
            },
            "index": 5,
            "label": "InletPort",
            "originalEndDatetime": "2021-06-17T14:06:49.098288-04:00",
            "originalStartDatetime": "2021-06-17T14:06:49.098288-04:00",
            "port": "InletPort",
            "startDatetime": "2021-06-17T14:06:49.098385-04:00",
            "type": "instance",
            "uuid": "3a65ff39-e47d-4bed-bc2e-aac58debda82",
            "value": 1072
        },
        {
            "endDatetime": "2021-06-17T14:06:49.098385-04:00",
            "extras": {
            },
            "index": 6,
            "label": "InletPort",
            "originalEndDatetime": "2021-06-17T14:06:49.098288-04:00",
            "originalStartDatetime": "2021-06-17T14:06:49.098288-04:00",
            "port": "InletPort",
            "startDatetime": "2021-06-17T14:06:49.098385-04:00",
            "type": "instance",
            "uuid": "fbf9579f-bc8a-4814-b34d-27001d3244ad",
            "value": 73
        },
        {
            "endDatetime": "2021-06-17T14:07:51.107002-04:00",
            "extras": {
            },
            "index": 7,
            "label": "InletPort",
            "originalEndDatetime": "2021-06-17T14:07:51.105205-04:00",
            "originalStartDatetime": "2021-06-17T14:07:51.105205-04:00",
            "port": "InletPort",
            "startDatetime": "2021-06-17T14:07:51.107002-04:00",
            "type": "instance",
            "uuid": "18aa66aa-7e3a-490f-980b-e64da2a59b60",
            "value": 1073
        },
        {
            "endDatetime": "2021-06-17T14:07:51.107002-04:00",
            "extras": {
            },
            "index": 8,
            "label": "InletPort",
            "originalEndDatetime": "2021-06-17T14:07:51.105205-04:00",
            "originalStartDatetime": "2021-06-17T14:07:51.105205-04:00",
            "port": "InletPort",
            "startDatetime": "2021-06-17T14:07:51.107002-04:00",
            "type": "instance",
            "uuid": "3b3c6e02-3fd1-4631-abff-d560eff132c3",
            "value": 71
        },
        {
            "endDatetime": "2021-06-17T14:08:01.199362-04:00",
            "extras": {
            },
            "index": 9,
            "label": "InletPort",
            "originalEndDatetime": "2021-06-17T14:08:01.197576-04:00",
            "originalStartDatetime": "2021-06-17T14:08:01.197576-04:00",
            "port": "InletPort",
            "startDatetime": "2021-06-17T14:08:01.199362-04:00",
            "type": "instance",
            "uuid": "dee2b7c5-0fc7-4274-a715-e357538a2427",
            "value": 1071
        },
        {
            "endDatetime": "2021-06-17T14:08:01.199362-04:00",
            "extras": {
            },
            "index": 10,
            "label": "InletPort",
            "originalEndDatetime": "2021-06-17T14:08:01.197576-04:00",
            "originalStartDatetime": "2021-06-17T14:08:01.197576-04:00",
            "port": "InletPort",
            "startDatetime": "2021-06-17T14:08:01.199362-04:00",
            "type": "instance",
            "uuid": "3cc12e5f-8422-44d5-8408-f23ff50af22a",
            "value": 72
        },
        {
            "endDatetime": "2021-06-17T14:08:03.721593-04:00",
            "extras": {
            },
            "index": 11,
            "label": "InletPort",
            "originalEndDatetime": "2021-06-17T14:08:03.723394-04:00",
            "originalStartDatetime": "2021-06-17T14:08:03.723394-04:00",
            "port": "InletPort",
            "startDatetime": "2021-06-17T14:08:03.721593-04:00",
            "type": "instance",
            "uuid": "7d1ea00b-c0d4-40d0-8e88-9b989510902b",
            "value": 1072
        },
        {
            "endDatetime": "2021-06-17T14:08:03.721593-04:00",
            "extras": {
            },
            "index": 12,
            "label": "InletPort",
            "originalEndDatetime": "2021-06-17T14:08:03.723394-04:00",
            "originalStartDatetime": "2021-06-17T14:08:03.723394-04:00",
            "port": "InletPort",
            "startDatetime": "2021-06-17T14:08:03.721593-04:00",
            "type": "instance",
            "uuid": "2fb92f5c-cfe3-4229-b6e2-a173c1f7bf60",
            "value": 80
        },
        {
            "endDatetime": "2021-06-17T14:08:03.823506-04:00",
            "extras": {
            },
            "index": 13,
            "label": "InletPort",
            "originalEndDatetime": "2021-06-17T14:08:03.824083-04:00",
            "originalStartDatetime": "2021-06-17T14:08:03.824083-04:00",
            "port": "InletPort",
            "startDatetime": "2021-06-17T14:08:03.823506-04:00",
            "type": "instance",
            "uuid": "ce88902c-40ce-4e21-861a-8e964da9fbb6",
            "value": 1
        },
        {
            "endDatetime": "2021-06-17T14:08:05.829951-04:00",
            "extras": {
            },
            "index": 14,
            "label": "InletPort",
            "originalEndDatetime": "2021-06-17T14:08:05.831082-04:00",
            "originalStartDatetime": "2021-06-17T14:08:05.831082-04:00",
            "port": "InletPort",
            "startDatetime": "2021-06-17T14:08:05.829951-04:00",
            "type": "instance",
            "uuid": "5495d2de-611f-4117-bced-d39c86c83915",
            "value": 1
        },
        {
            "endDatetime": "2021-06-17T14:08:07.844707-04:00",
            "extras": {
            },
            "index": 15,
            "label": "InletPort",
            "originalEndDatetime": "2021-06-17T14:08:07.846344-04:00",
            "originalStartDatetime": "2021-06-17T14:08:07.846344-04:00",
            "port": "InletPort",
            "startDatetime": "2021-06-17T14:08:07.844707-04:00",
            "type": "instance",
            "uuid": "01e6139e-4454-4dab-bd89-889fdd5e822c",
            "value": 1
        },
        {
            "endDatetime": "2021-06-17T14:08:09.862666-04:00",
            "extras": {
            },
            "index": 16,
            "label": "InletPort",
            "originalEndDatetime": "2021-06-17T14:08:09.862848-04:00",
            "originalStartDatetime": "2021-06-17T14:08:09.862848-04:00",
            "port": "InletPort",
            "startDatetime": "2021-06-17T14:08:09.862666-04:00",
            "type": "instance",
            "uuid": "0ff8ffbb-849c-4023-99e2-7ec367740de4",
            "value": 1
        },
        {
            "endDatetime": "2021-06-17T14:08:11.877420-04:00",
            "extras": {
            },
            "index": 17,
            "label": "InletPort",
            "originalEndDatetime": "2021-06-17T14:08:11.877762-04:00",
            "originalStartDatetime": "2021-06-17T14:08:11.877762-04:00",
            "port": "InletPort",
            "startDatetime": "2021-06-17T14:08:11.877420-04:00",
            "type": "instance",
            "uuid": "93ad404a-9aef-40cf-b416-4c92f76c8032",
            "value": 1
        },
        {
            "endDatetime": "2021-06-17T14:08:13.876051-04:00",
            "extras": {
            },
            "index": 18,
            "label": "InletPort",
            "originalEndDatetime": "2021-06-17T14:08:13.875995-04:00",
            "originalStartDatetime": "2021-06-17T14:08:13.875995-04:00",
            "port": "InletPort",
            "startDatetime": "2021-06-17T14:08:13.876051-04:00",
            "type": "instance",
            "uuid": "0df5d380-d6c9-431b-b5ce-5996975ae751",
            "value": 1
        },
        {
            "endDatetime": "2021-06-17T14:08:15.902516-04:00",
            "extras": {
            },
            "index": 19,
            "label": "InletPort",
            "originalEndDatetime": "2021-06-17T14:08:15.901867-04:00",
            "originalStartDatetime": "2021-06-17T14:08:15.901867-04:00",
            "port": "InletPort",
            "startDatetime": "2021-06-17T14:08:15.902516-04:00",
            "type": "instance",
            "uuid": "92202014-30b3-41f8-9478-ce2093ba0083",
            "value": 1
        },
        {
            "endDatetime": "2021-06-17T14:08:17.896941-04:00",
            "extras": {
            },
            "index": 20,
            "label": "InletPort",
            "originalEndDatetime": "2021-06-17T14:08:17.896696-04:00",
            "originalStartDatetime": "2021-06-17T14:08:17.896696-04:00",
            "port": "InletPort",
            "startDatetime": "2021-06-17T14:08:17.896941-04:00",
            "type": "instance",
            "uuid": "7dc223ab-71a6-452f-a004-433b815e5c26",
            "value": 1
        },
        {
            "endDatetime": "2021-06-17T14:08:19.927401-04:00",
            "extras": {
            },
            "index": 21,
            "label": "InletPort",
            "originalEndDatetime": "2021-06-17T14:08:19.927879-04:00",
            "originalStartDatetime": "2021-06-17T14:08:19.927879-04:00",
            "port": "InletPort",
            "startDatetime": "2021-06-17T14:08:19.927401-04:00",
            "type": "instance",
            "uuid": "83c562b4-2b99-4c85-a236-4371a95fcee2",
            "value": 1
        },
        {
            "endDatetime": "2021-06-17T14:08:21.922723-04:00",
            "extras": {
            },
            "index": 22,
            "label": "InletPort",
            "originalEndDatetime": "2021-06-17T14:08:21.920961-04:00",
            "originalStartDatetime": "2021-06-17T14:08:21.920961-04:00",
            "port": "InletPort",
            "startDatetime": "2021-06-17T14:08:21.922723-04:00",
            "type": "instance",
            "uuid": "31d5d486-af84-49bb-ae8e-04154d425c9f",
            "value": 1
        },
        {
            "endDatetime": "2021-06-17T14:08:23.956990-04:00",
            "extras": {
            },
            "index": 23,
            "label": "InletPort",
            "originalEndDatetime": "2021-06-17T14:08:23.955331-04:00",
            "originalStartDatetime": "2021-06-17T14:08:23.955331-04:00",
            "port": "InletPort",
            "startDatetime": "2021-06-17T14:08:23.956990-04:00",
            "type": "instance",
            "uuid": "c273a2a1-3c54-4ad9-94fc-cf12234ecaa2",
            "value": 1
        },
        {
            "endDatetime": "2021-06-17T14:08:25.959222-04:00",
            "extras": {
            },
            "index": 24,
            "label": "InletPort",
            "originalEndDatetime": "2021-06-17T14:08:25.958611-04:00",
            "originalStartDatetime": "2021-06-17T14:08:25.958611-04:00",
            "port": "InletPort",
            "startDatetime": "2021-06-17T14:08:25.959222-04:00",
            "type": "instance",
            "uuid": "b509f128-f44b-4435-ac9f-4aece2fe1d26",
            "value": 1
        },
        {
            "endDatetime": "2021-06-17T14:08:27.954346-04:00",
            "extras": {
            },
            "index": 25,
            "label": "InletPort",
            "originalEndDatetime": "2021-06-17T14:08:27.955410-04:00",
            "originalStartDatetime": "2021-06-17T14:08:27.955410-04:00",
            "port": "InletPort",
            "startDatetime": "2021-06-17T14:08:27.954346-04:00",
            "type": "instance",
            "uuid": "63ae0820-bdaa-4571-8f4e-fe03d7b9b881",
            "value": 1
        },
        {
            "endDatetime": "2021-06-17T14:08:29.984408-04:00",
            "extras": {
            },
            "index": 26,
            "label": "InletPort",
            "originalEndDatetime": "2021-06-17T14:08:29.984923-04:00",
            "originalStartDatetime": "2021-06-17T14:08:29.984923-04:00",
            "port": "InletPort",
            "startDatetime": "2021-06-17T14:08:29.984408-04:00",
            "type": "instance",
            "uuid": "a8bb0cf8-e295-4adc-a7e2-5b77fa867bc3",
            "value": 1
        },
        {
            "endDatetime": "2021-06-17T14:08:32.014666-04:00",
            "extras": {
            },
            "index": 27,
            "label": "InletPort",
            "originalEndDatetime": "2021-06-17T14:08:32.013659-04:00",
            "originalStartDatetime": "2021-06-17T14:08:32.013659-04:00",
            "port": "InletPort",
            "startDatetime": "2021-06-17T14:08:32.014666-04:00",
            "type": "instance",
            "uuid": "cfc4a1ee-fc81-4ba2-9147-d0967d90d84d",
            "value": 1
        },
        {
            "endDatetime": "2021-06-17T14:08:34.006083-04:00",
            "extras": {
            },
            "index": 28,
            "label": "InletPort",
            "originalEndDatetime": "2021-06-17T14:08:34.007855-04:00",
            "originalStartDatetime": "2021-06-17T14:08:34.007855-04:00",
            "port": "InletPort",
            "startDatetime": "2021-06-17T14:08:34.006083-04:00",
            "type": "instance",
            "uuid": "25f50cf0-d472-46e4-b3de-a8b767d02a39",
            "value": 1
        },
        {
            "endDatetime": "2021-06-17T14:08:36.031638-04:00",
            "extras": {
            },
            "index": 29,
            "label": "InletPort",
            "originalEndDatetime": "2021-06-17T14:08:36.031182-04:00",
            "originalStartDatetime": "2021-06-17T14:08:36.031182-04:00",
            "port": "InletPort",
            "startDatetime": "2021-06-17T14:08:36.031638-04:00",
            "type": "instance",
            "uuid": "0f9d578b-e8dc-4766-890d-d1db4e73ac2a",
            "value": 1
        },
        {
            "endDatetime": "2021-06-17T14:08:38.014946-04:00",
            "extras": {
            },
            "index": 30,
            "label": "InletPort",
            "originalEndDatetime": "2021-06-17T14:08:38.015918-04:00",
            "originalStartDatetime": "2021-06-17T14:08:38.015918-04:00",
            "port": "InletPort",
            "startDatetime": "2021-06-17T14:08:38.014946-04:00",
            "type": "instance",
            "uuid": "20c8f0db-2d18-4225-9dc0-2a3cae9ff3a0",
            "value": 1
        },
        {
            "endDatetime": "2021-06-17T14:08:40.041900-04:00",
            "extras": {
            },
            "index": 31,
            "label": "InletPort",
            "originalEndDatetime": "2021-06-17T14:08:40.043181-04:00",
            "originalStartDatetime": "2021-06-17T14:08:40.043181-04:00",
            "port": "InletPort",
            "startDatetime": "2021-06-17T14:08:40.041900-04:00",
            "type": "instance",
            "uuid": "e07b09cb-b51b-4357-951d-5e77849d3372",
            "value": 1
        },
        {
            "endDatetime": "2021-06-17T14:08:42.071559-04:00",
            "extras": {
            },
            "index": 32,
            "label": "InletPort",
            "originalEndDatetime": "2021-06-17T14:08:42.072504-04:00",
            "originalStartDatetime": "2021-06-17T14:08:42.072504-04:00",
            "port": "InletPort",
            "startDatetime": "2021-06-17T14:08:42.071559-04:00",
            "type": "instance",
            "uuid": "cb365bb0-141a-4203-9aef-dc7f90ec2a7e",
            "value": 1
        },
        {
            "endDatetime": "2021-06-17T14:08:44.066679-04:00",
            "extras": {
            },
            "index": 33,
            "label": "InletPort",
            "originalEndDatetime": "2021-06-17T14:08:44.067250-04:00",
            "originalStartDatetime": "2021-06-17T14:08:44.067250-04:00",
            "port": "InletPort",
            "startDatetime": "2021-06-17T14:08:44.066679-04:00",
            "type": "instance",
            "uuid": "d0ff3aa7-c688-4c66-a035-9052e81eea5c",
            "value": 1
        },
        {
            "endDatetime": "2021-06-17T14:08:46.065304-04:00",
            "extras": {
            },
            "index": 34,
            "label": "InletPort",
            "originalEndDatetime": "2021-06-17T14:08:46.065887-04:00",
            "originalStartDatetime": "2021-06-17T14:08:46.065887-04:00",
            "port": "InletPort",
            "startDatetime": "2021-06-17T14:08:46.065304-04:00",
            "type": "instance",
            "uuid": "b5b64bea-ec07-461d-a7a1-b2572ad0439b",
            "value": 1
        },
        {
            "endDatetime": "2021-06-17T14:08:48.095765-04:00",
            "extras": {
            },
            "index": 35,
            "label": "InletPort",
            "originalEndDatetime": "2021-06-17T14:08:48.095903-04:00",
            "originalStartDatetime": "2021-06-17T14:08:48.095903-04:00",
            "port": "InletPort",
            "startDatetime": "2021-06-17T14:08:48.095765-04:00",
            "type": "instance",
            "uuid": "ccf8bc89-d0d9-414f-99f3-9927ad567b50",
            "value": 1
        },
        {
            "endDatetime": "2021-06-17T14:08:50.094488-04:00",
            "extras": {
            },
            "index": 36,
            "label": "InletPort",
            "originalEndDatetime": "2021-06-17T14:08:50.094123-04:00",
            "originalStartDatetime": "2021-06-17T14:08:50.094123-04:00",
            "port": "InletPort",
            "startDatetime": "2021-06-17T14:08:50.094488-04:00",
            "type": "instance",
            "uuid": "de4a1771-e5b3-455b-9c8d-84cb5339c0c6",
            "value": 1
        },
        {
            "endDatetime": "2021-06-17T14:08:52.128652-04:00",
            "extras": {
            },
            "index": 37,
            "label": "InletPort",
            "originalEndDatetime": "2021-06-17T14:08:52.128636-04:00",
            "originalStartDatetime": "2021-06-17T14:08:52.128636-04:00",
            "port": "InletPort",
            "startDatetime": "2021-06-17T14:08:52.128652-04:00",
            "type": "instance",
            "uuid": "54835087-65dd-441c-8169-e1351001daef",
            "value": 1
        },
        {
            "endDatetime": "2021-06-17T14:08:54.130981-04:00",
            "extras": {
            },
            "index": 38,
            "label": "InletPort",
            "originalEndDatetime": "2021-06-17T14:08:54.132416-04:00",
            "originalStartDatetime": "2021-06-17T14:08:54.132416-04:00",
            "port": "InletPort",
            "startDatetime": "2021-06-17T14:08:54.130981-04:00",
            "type": "instance",
            "uuid": "51c750d9-4d68-444e-bd6e-e4b338d2e2da",
            "value": 1080
        },
        {
            "endDatetime": "2021-06-17T14:08:54.130981-04:00",
            "extras": {
            },
            "index": 39,
            "label": "InletPort",
            "originalEndDatetime": "2021-06-17T14:08:54.132416-04:00",
            "originalStartDatetime": "2021-06-17T14:08:54.132416-04:00",
            "port": "InletPort",
            "startDatetime": "2021-06-17T14:08:54.130981-04:00",
            "type": "instance",
            "uuid": "2416788a-e66f-49d6-a616-843e397b4ebe",
            "value": 70
        },
        {
            "endDatetime": "2021-06-17T14:08:59.159676-04:00",
            "extras": {
            },
            "index": 40,
            "label": "InletPort",
            "originalEndDatetime": "2021-06-17T14:08:59.159201-04:00",
            "originalStartDatetime": "2021-06-17T14:08:59.159201-04:00",
            "port": "InletPort",
            "startDatetime": "2021-06-17T14:08:59.159676-04:00",
            "type": "instance",
            "uuid": "ccd14e5a-17e7-4e79-9023-47c500bdbaee",
            "value": 1070
        },
        {
            "endDatetime": "2021-06-17T14:08:59.159676-04:00",
            "extras": {
            },
            "index": 41,
            "label": "InletPort",
            "originalEndDatetime": "2021-06-17T14:08:59.159201-04:00",
            "originalStartDatetime": "2021-06-17T14:08:59.159201-04:00",
            "port": "InletPort",
            "startDatetime": "2021-06-17T14:08:59.159676-04:00",
            "type": "instance",
            "uuid": "989360f8-272d-4c5d-8f33-5c0d0b21edd7",
            "value": 72
        },
        {
            "endDatetime": "2021-06-17T14:08:59.218441-04:00",
            "extras": {
            },
            "index": 42,
            "label": "InletPort",
            "originalEndDatetime": "2021-06-17T14:08:59.219636-04:00",
            "originalStartDatetime": "2021-06-17T14:08:59.219636-04:00",
            "port": "InletPort",
            "startDatetime": "2021-06-17T14:08:59.218441-04:00",
            "type": "instance",
            "uuid": "4e80bb76-b8e9-4b92-a9cf-493fafee2bfc",
            "value": 1072
        },
        {
            "endDatetime": "2021-06-17T14:08:59.218441-04:00",
            "extras": {
            },
            "index": 43,
            "label": "InletPort",
            "originalEndDatetime": "2021-06-17T14:08:59.219636-04:00",
            "originalStartDatetime": "2021-06-17T14:08:59.219636-04:00",
            "port": "InletPort",
            "startDatetime": "2021-06-17T14:08:59.218441-04:00",
            "type": "instance",
            "uuid": "9cf45796-f87c-432f-9902-c64de79bf576",
            "value": 73
        },
        {
            "endDatetime": "2021-06-17T14:10:01.043816-04:00",
            "extras": {
            },
            "index": 44,
            "label": "InletPort",
            "originalEndDatetime": "2021-06-17T14:10:01.041868-04:00",
            "originalStartDatetime": "2021-06-17T14:10:01.041868-04:00",
            "port": "InletPort",
            "startDatetime": "2021-06-17T14:10:01.043816-04:00",
            "type": "instance",
            "uuid": "c2be68ca-b0d1-4325-a518-a1f287e0697a",
            "value": 1073
        },
        {
            "endDatetime": "2021-06-17T14:10:01.043816-04:00",
            "extras": {
            },
            "index": 45,
            "label": "InletPort",
            "originalEndDatetime": "2021-06-17T14:10:01.041868-04:00",
            "originalStartDatetime": "2021-06-17T14:10:01.041868-04:00",
            "port": "InletPort",
            "startDatetime": "2021-06-17T14:10:01.043816-04:00",
            "type": "instance",
            "uuid": "ada90d48-b0f4-4927-8d78-e69a5c6164fa",
            "value": 71
        },
        {
            "endDatetime": "2021-06-17T14:10:11.143950-04:00",
            "extras": {
            },
            "index": 46,
            "label": "InletPort",
            "originalEndDatetime": "2021-06-17T14:10:11.144986-04:00",
            "originalStartDatetime": "2021-06-17T14:10:11.144986-04:00",
            "port": "InletPort",
            "startDatetime": "2021-06-17T14:10:11.143950-04:00",
            "type": "instance",
            "uuid": "15d2bcd2-8803-45a2-91f8-bf5bdbd30323",
            "value": 1071
        },
        {
            "endDatetime": "2021-06-17T14:10:11.143950-04:00",
            "extras": {
            },
            "index": 47,
            "label": "InletPort",
            "originalEndDatetime": "2021-06-17T14:10:11.144986-04:00",
            "originalStartDatetime": "2021-06-17T14:10:11.144986-04:00",
            "port": "InletPort",
            "startDatetime": "2021-06-17T14:10:11.143950-04:00",
            "type": "instance",
            "uuid": "e4fd4a7e-aa53-4477-9682-94bae53501b9",
            "value": 72
        },
        {
            "endDatetime": "2021-06-17T14:10:13.673564-04:00",
            "extras": {
            },
            "index": 48,
            "label": "InletPort",
            "originalEndDatetime": "2021-06-17T14:10:13.673706-04:00",
            "originalStartDatetime": "2021-06-17T14:10:13.673706-04:00",
            "port": "InletPort",
            "startDatetime": "2021-06-17T14:10:13.673564-04:00",
            "type": "instance",
            "uuid": "acedfccf-6613-46b0-a147-93e6f903daa8",
            "value": 1072
        },
        {
            "endDatetime": "2021-06-17T14:10:13.673564-04:00",
            "extras": {
            },
            "index": 49,
            "label": "InletPort",
            "originalEndDatetime": "2021-06-17T14:10:13.673706-04:00",
            "originalStartDatetime": "2021-06-17T14:10:13.673706-04:00",
            "port": "InletPort",
            "startDatetime": "2021-06-17T14:10:13.673564-04:00",
            "type": "instance",
            "uuid": "67f8954f-9827-4ac3-9371-f6f5c37b2bfa",
            "value": 80
        },
        {
            "endDatetime": "2021-06-17T14:10:13.736133-04:00",
            "extras": {
            },
            "index": 50,
            "label": "InletPort",
            "originalEndDatetime": "2021-06-17T14:10:13.735038-04:00",
            "originalStartDatetime": "2021-06-17T14:10:13.735038-04:00",
            "port": "InletPort",
            "startDatetime": "2021-06-17T14:10:13.736133-04:00",
            "type": "instance",
            "uuid": "afef6c60-1cec-4249-ab9e-837725ff688b",
            "value": 2
        },
        {
            "endDatetime": "2021-06-17T14:10:15.774300-04:00",
            "extras": {
            },
            "index": 51,
            "label": "InletPort",
            "originalEndDatetime": "2021-06-17T14:10:15.773806-04:00",
            "originalStartDatetime": "2021-06-17T14:10:15.773806-04:00",
            "port": "InletPort",
            "startDatetime": "2021-06-17T14:10:15.774300-04:00",
            "type": "instance",
            "uuid": "b8f5f4b7-04db-4920-ae88-76052a053590",
            "value": 2
        },
        {
            "endDatetime": "2021-06-17T14:10:17.773023-04:00",
            "extras": {
            },
            "index": 52,
            "label": "InletPort",
            "originalEndDatetime": "2021-06-17T14:10:17.771106-04:00",
            "originalStartDatetime": "2021-06-17T14:10:17.771106-04:00",
            "port": "InletPort",
            "startDatetime": "2021-06-17T14:10:17.773023-04:00",
            "type": "instance",
            "uuid": "af44438f-51c2-4089-a070-318862c0df10",
            "value": 2
        },
        {
            "endDatetime": "2021-06-17T14:10:19.798778-04:00",
            "extras": {
            },
            "index": 53,
            "label": "InletPort",
            "originalEndDatetime": "2021-06-17T14:10:19.796872-04:00",
            "originalStartDatetime": "2021-06-17T14:10:19.796872-04:00",
            "port": "InletPort",
            "startDatetime": "2021-06-17T14:10:19.798778-04:00",
            "type": "instance",
            "uuid": "fe380c46-512e-49f4-994c-59b875466ed1",
            "value": 2
        },
        {
            "endDatetime": "2021-06-17T14:10:21.801806-04:00",
            "extras": {
            },
            "index": 54,
            "label": "InletPort",
            "originalEndDatetime": "2021-06-17T14:10:21.801590-04:00",
            "originalStartDatetime": "2021-06-17T14:10:21.801590-04:00",
            "port": "InletPort",
            "startDatetime": "2021-06-17T14:10:21.801806-04:00",
            "type": "instance",
            "uuid": "35334d51-bf02-42f9-aefc-c04be846bb0c",
            "value": 2
        },
        {
            "endDatetime": "2021-06-17T14:10:23.828558-04:00",
            "extras": {
            },
            "index": 55,
            "label": "InletPort",
            "originalEndDatetime": "2021-06-17T14:10:23.828993-04:00",
            "originalStartDatetime": "2021-06-17T14:10:23.828993-04:00",
            "port": "InletPort",
            "startDatetime": "2021-06-17T14:10:23.828558-04:00",
            "type": "instance",
            "uuid": "d1907a2c-1d2f-487c-928e-67772e79bce2",
            "value": 2
        },
        {
            "endDatetime": "2021-06-17T14:10:25.826783-04:00",
            "extras": {
            },
            "index": 56,
            "label": "InletPort",
            "originalEndDatetime": "2021-06-17T14:10:25.827275-04:00",
            "originalStartDatetime": "2021-06-17T14:10:25.827275-04:00",
            "port": "InletPort",
            "startDatetime": "2021-06-17T14:10:25.826783-04:00",
            "type": "instance",
            "uuid": "c1344728-c839-4f4d-8471-8e927820e6ea",
            "value": 2
        },
        {
            "endDatetime": "2021-06-17T14:10:27.834114-04:00",
            "extras": {
            },
            "index": 57,
            "label": "InletPort",
            "originalEndDatetime": "2021-06-17T14:10:27.833990-04:00",
            "originalStartDatetime": "2021-06-17T14:10:27.833990-04:00",
            "port": "InletPort",
            "startDatetime": "2021-06-17T14:10:27.834114-04:00",
            "type": "instance",
            "uuid": "f1725b58-94c4-41e6-b0b6-3d39c8d7489f",
            "value": 2
        },
        {
            "endDatetime": "2021-06-17T14:10:29.863672-04:00",
            "extras": {
            },
            "index": 58,
            "label": "InletPort",
            "originalEndDatetime": "2021-06-17T14:10:29.861994-04:00",
            "originalStartDatetime": "2021-06-17T14:10:29.861994-04:00",
            "port": "InletPort",
            "startDatetime": "2021-06-17T14:10:29.863672-04:00",
            "type": "instance",
            "uuid": "fe11a408-b72d-4e22-af07-65485186870c",
            "value": 2
        },
        {
            "endDatetime": "2021-06-17T14:10:31.847378-04:00",
            "extras": {
            },
            "index": 59,
            "label": "InletPort",
            "originalEndDatetime": "2021-06-17T14:10:31.847972-04:00",
            "originalStartDatetime": "2021-06-17T14:10:31.847972-04:00",
            "port": "InletPort",
            "startDatetime": "2021-06-17T14:10:31.847378-04:00",
            "type": "instance",
            "uuid": "353c2216-8ee1-4dfa-812e-b0aa9233523d",
            "value": 2
        },
        {
            "endDatetime": "2021-06-17T14:10:33.877436-04:00",
            "extras": {
            },
            "index": 60,
            "label": "InletPort",
            "originalEndDatetime": "2021-06-17T14:10:33.877801-04:00",
            "originalStartDatetime": "2021-06-17T14:10:33.877801-04:00",
            "port": "InletPort",
            "startDatetime": "2021-06-17T14:10:33.877436-04:00",
            "type": "instance",
            "uuid": "40e13f5a-4057-476e-9484-e6d9ee16ff9f",
            "value": 2
        },
        {
            "endDatetime": "2021-06-17T14:10:35.888373-04:00",
            "extras": {
            },
            "index": 61,
            "label": "InletPort",
            "originalEndDatetime": "2021-06-17T14:10:35.888331-04:00",
            "originalStartDatetime": "2021-06-17T14:10:35.888331-04:00",
            "port": "InletPort",
            "startDatetime": "2021-06-17T14:10:35.888373-04:00",
            "type": "instance",
            "uuid": "f6aa5bef-8839-4d62-aa12-1824e5f159cc",
            "value": 2
        },
        {
            "endDatetime": "2021-06-17T14:10:37.878688-04:00",
            "extras": {
            },
            "index": 62,
            "label": "InletPort",
            "originalEndDatetime": "2021-06-17T14:10:37.879946-04:00",
            "originalStartDatetime": "2021-06-17T14:10:37.879946-04:00",
            "port": "InletPort",
            "startDatetime": "2021-06-17T14:10:37.878688-04:00",
            "type": "instance",
            "uuid": "9cc526dc-13eb-41ef-b5cf-a30662971807",
            "value": 2
        },
        {
            "endDatetime": "2021-06-17T14:10:39.909445-04:00",
            "extras": {
            },
            "index": 63,
            "label": "InletPort",
            "originalEndDatetime": "2021-06-17T14:10:39.908942-04:00",
            "originalStartDatetime": "2021-06-17T14:10:39.908942-04:00",
            "port": "InletPort",
            "startDatetime": "2021-06-17T14:10:39.909445-04:00",
            "type": "instance",
            "uuid": "9f6cf7b3-0ed4-458a-9d8c-a6cbb8f526ed",
            "value": 2
        },
        {
            "endDatetime": "2021-06-17T14:10:41.904064-04:00",
            "extras": {
            },
            "index": 64,
            "label": "InletPort",
            "originalEndDatetime": "2021-06-17T14:10:41.905832-04:00",
            "originalStartDatetime": "2021-06-17T14:10:41.905832-04:00",
            "port": "InletPort",
            "startDatetime": "2021-06-17T14:10:41.904064-04:00",
            "type": "instance",
            "uuid": "dc642d25-c461-4b78-ab7d-7519da4991e0",
            "value": 2
        },
        {
            "endDatetime": "2021-06-17T14:10:43.945936-04:00",
            "extras": {
            },
            "index": 65,
            "label": "InletPort",
            "originalEndDatetime": "2021-06-17T14:10:43.947852-04:00",
            "originalStartDatetime": "2021-06-17T14:10:43.947852-04:00",
            "port": "InletPort",
            "startDatetime": "2021-06-17T14:10:43.945936-04:00",
            "type": "instance",
            "uuid": "acc07a1c-00f8-4443-9b2d-d537c6965733",
            "value": 2
        },
        {
            "endDatetime": "2021-06-17T14:10:45.936851-04:00",
            "extras": {
            },
            "index": 66,
            "label": "InletPort",
            "originalEndDatetime": "2021-06-17T14:10:45.937822-04:00",
            "originalStartDatetime": "2021-06-17T14:10:45.937822-04:00",
            "port": "InletPort",
            "startDatetime": "2021-06-17T14:10:45.936851-04:00",
            "type": "instance",
            "uuid": "1366858e-50b4-42a2-a938-a5b5dc75e2ef",
            "value": 2
        },
        {
            "endDatetime": "2021-06-17T14:10:47.940078-04:00",
            "extras": {
            },
            "index": 67,
            "label": "InletPort",
            "originalEndDatetime": "2021-06-17T14:10:47.940690-04:00",
            "originalStartDatetime": "2021-06-17T14:10:47.940690-04:00",
            "port": "InletPort",
            "startDatetime": "2021-06-17T14:10:47.940078-04:00",
            "type": "instance",
            "uuid": "5fca5f12-d950-47d0-9f01-030947c8db34",
            "value": 2
        },
        {
            "endDatetime": "2021-06-17T14:10:49.974141-04:00",
            "extras": {
            },
            "index": 68,
            "label": "InletPort",
            "originalEndDatetime": "2021-06-17T14:10:49.973220-04:00",
            "originalStartDatetime": "2021-06-17T14:10:49.973220-04:00",
            "port": "InletPort",
            "startDatetime": "2021-06-17T14:10:49.974141-04:00",
            "type": "instance",
            "uuid": "71ef73ab-1f5a-45b0-9746-1dc1ad8fdf34",
            "value": 2
        },
        {
            "endDatetime": "2021-06-17T14:10:51.968960-04:00",
            "extras": {
            },
            "index": 69,
            "label": "InletPort",
            "originalEndDatetime": "2021-06-17T14:10:51.968123-04:00",
            "originalStartDatetime": "2021-06-17T14:10:51.968123-04:00",
            "port": "InletPort",
            "startDatetime": "2021-06-17T14:10:51.968960-04:00",
            "type": "instance",
            "uuid": "f4e4f350-e91a-4a27-bc8c-929b7fad02d2",
            "value": 2
        },
        {
            "endDatetime": "2021-06-17T14:10:54.002923-04:00",
            "extras": {
            },
            "index": 70,
            "label": "InletPort",
            "originalEndDatetime": "2021-06-17T14:10:54.003528-04:00",
            "originalStartDatetime": "2021-06-17T14:10:54.003528-04:00",
            "port": "InletPort",
            "startDatetime": "2021-06-17T14:10:54.002923-04:00",
            "type": "instance",
            "uuid": "9ac43766-a13d-4b2c-9f60-d0bf52a6aa9d",
            "value": 2
        },
        {
            "endDatetime": "2021-06-17T14:10:55.990333-04:00",
            "extras": {
            },
            "index": 71,
            "label": "InletPort",
            "originalEndDatetime": "2021-06-17T14:10:55.989525-04:00",
            "originalStartDatetime": "2021-06-17T14:10:55.989525-04:00",
            "port": "InletPort",
            "startDatetime": "2021-06-17T14:10:55.990333-04:00",
            "type": "instance",
            "uuid": "7ff26837-f504-42f7-a7f9-69ffdff39957",
            "value": 2
        },
        {
            "endDatetime": "2021-06-17T14:10:58.016287-04:00",
            "extras": {
            },
            "index": 72,
            "label": "InletPort",
            "originalEndDatetime": "2021-06-17T14:10:58.017148-04:00",
            "originalStartDatetime": "2021-06-17T14:10:58.017148-04:00",
            "port": "InletPort",
            "startDatetime": "2021-06-17T14:10:58.016287-04:00",
            "type": "instance",
            "uuid": "303dddd4-f9ba-4d2e-8f56-0b82fd937028",
            "value": 2
        },
        {
            "endDatetime": "2021-06-17T14:11:00.030828-04:00",
            "extras": {
            },
            "index": 73,
            "label": "InletPort",
            "originalEndDatetime": "2021-06-17T14:11:00.030906-04:00",
            "originalStartDatetime": "2021-06-17T14:11:00.030906-04:00",
            "port": "InletPort",
            "startDatetime": "2021-06-17T14:11:00.030828-04:00",
            "type": "instance",
            "uuid": "c5b0b2e8-c4f0-412f-9c0e-3ad89c2a0c86",
            "value": 2
        },
        {
            "endDatetime": "2021-06-17T14:11:02.053277-04:00",
            "extras": {
            },
            "index": 74,
            "label": "InletPort",
            "originalEndDatetime": "2021-06-17T14:11:02.054779-04:00",
            "originalStartDatetime": "2021-06-17T14:11:02.054779-04:00",
            "port": "InletPort",
            "startDatetime": "2021-06-17T14:11:02.053277-04:00",
            "type": "instance",
            "uuid": "f9f74813-e321-43ff-ae50-cda1547ba13a",
            "value": 2
        },
        {
            "endDatetime": "2021-06-17T14:11:04.056405-04:00",
            "extras": {
            },
            "index": 75,
            "label": "InletPort",
            "originalEndDatetime": "2021-06-17T14:11:04.057433-04:00",
            "originalStartDatetime": "2021-06-17T14:11:04.057433-04:00",
            "port": "InletPort",
            "startDatetime": "2021-06-17T14:11:04.056405-04:00",
            "type": "instance",
            "uuid": "f25a9903-8ee8-444c-abb9-4bc5fe49edc6",
            "value": 1080
        },
        {
            "endDatetime": "2021-06-17T14:11:04.056405-04:00",
            "extras": {
            },
            "index": 76,
            "label": "InletPort",
            "originalEndDatetime": "2021-06-17T14:11:04.057433-04:00",
            "originalStartDatetime": "2021-06-17T14:11:04.057433-04:00",
            "port": "InletPort",
            "startDatetime": "2021-06-17T14:11:04.056405-04:00",
            "type": "instance",
            "uuid": "90a5607d-5bd7-4551-8987-8a4e66ceeca0",
            "value": 70
        },
        {
            "endDatetime": "2021-06-17T14:11:09.080693-04:00",
            "extras": {
            },
            "index": 77,
            "label": "InletPort",
            "originalEndDatetime": "2021-06-17T14:11:09.081390-04:00",
            "originalStartDatetime": "2021-06-17T14:11:09.081390-04:00",
            "port": "InletPort",
            "startDatetime": "2021-06-17T14:11:09.080693-04:00",
            "type": "instance",
            "uuid": "77a66f55-90e2-4d0a-98d8-d21debb766d2",
            "value": 1070
        },
        {
            "endDatetime": "2021-06-17T14:11:09.080693-04:00",
            "extras": {
            },
            "index": 78,
            "label": "InletPort",
            "originalEndDatetime": "2021-06-17T14:11:09.081390-04:00",
            "originalStartDatetime": "2021-06-17T14:11:09.081390-04:00",
            "port": "InletPort",
            "startDatetime": "2021-06-17T14:11:09.080693-04:00",
            "type": "instance",
            "uuid": "e3d6f72a-9e89-4323-ab74-12144514d65a",
            "value": 72
        },
        {
            "endDatetime": "2021-06-17T14:11:09.111928-04:00",
            "extras": {
            },
            "index": 79,
            "label": "InletPort",
            "originalEndDatetime": "2021-06-17T14:11:09.112005-04:00",
            "originalStartDatetime": "2021-06-17T14:11:09.112005-04:00",
            "port": "InletPort",
            "startDatetime": "2021-06-17T14:11:09.111928-04:00",
            "type": "instance",
            "uuid": "1038b05e-6c55-4b23-9176-828f0631954f",
            "value": 1072
        },
        {
            "endDatetime": "2021-06-17T14:11:09.111928-04:00",
            "extras": {
            },
            "index": 80,
            "label": "InletPort",
            "originalEndDatetime": "2021-06-17T14:11:09.112005-04:00",
            "originalStartDatetime": "2021-06-17T14:11:09.112005-04:00",
            "port": "InletPort",
            "startDatetime": "2021-06-17T14:11:09.111928-04:00",
            "type": "instance",
            "uuid": "9991d23b-5572-4002-9410-2c4941a027f4",
            "value": 73
        },
        {
            "endDatetime": "2021-06-17T14:12:10.820164-04:00",
            "extras": {
            },
            "index": 81,
            "label": "InletPort",
            "originalEndDatetime": "2021-06-17T14:12:10.819619-04:00",
            "originalStartDatetime": "2021-06-17T14:12:10.819619-04:00",
            "port": "InletPort",
            "startDatetime": "2021-06-17T14:12:10.820164-04:00",
            "type": "instance",
            "uuid": "0576a997-7a12-4cdf-bc6e-5546ba72ca41",
            "value": 1073
        },
        {
            "endDatetime": "2021-06-17T14:12:10.820164-04:00",
            "extras": {
            },
            "index": 82,
            "label": "InletPort",
            "originalEndDatetime": "2021-06-17T14:12:10.819619-04:00",
            "originalStartDatetime": "2021-06-17T14:12:10.819619-04:00",
            "port": "InletPort",
            "startDatetime": "2021-06-17T14:12:10.820164-04:00",
            "type": "instance",
            "uuid": "c74ab3e4-5966-4425-89e0-a112a0605e56",
            "value": 71
        },
        {
            "endDatetime": "2021-06-17T14:12:20.908809-04:00",
            "extras": {
            },
            "index": 83,
            "label": "InletPort",
            "originalEndDatetime": "2021-06-17T14:12:20.907635-04:00",
            "originalStartDatetime": "2021-06-17T14:12:20.907635-04:00",
            "port": "InletPort",
            "startDatetime": "2021-06-17T14:12:20.908809-04:00",
            "type": "instance",
            "uuid": "0024c1e3-b28a-43b6-a156-260a11ecee44",
            "value": 1071
        },
        {
            "endDatetime": "2021-06-17T14:12:20.908809-04:00",
            "extras": {
            },
            "index": 84,
            "label": "InletPort",
            "originalEndDatetime": "2021-06-17T14:12:20.907635-04:00",
            "originalStartDatetime": "2021-06-17T14:12:20.907635-04:00",
            "port": "InletPort",
            "startDatetime": "2021-06-17T14:12:20.908809-04:00",
            "type": "instance",
            "uuid": "482ccb29-64f4-4f3c-b8a3-6e3d362a3102",
            "value": 72
        },
        {
            "endDatetime": "2021-06-17T14:12:23.484855-04:00",
            "extras": {
            },
            "index": 85,
            "label": "InletPort",
            "originalEndDatetime": "2021-06-17T14:12:23.485085-04:00",
            "originalStartDatetime": "2021-06-17T14:12:23.485085-04:00",
            "port": "InletPort",
            "startDatetime": "2021-06-17T14:12:23.484855-04:00",
            "type": "instance",
            "uuid": "4fbd5783-7a90-4b4e-93eb-5e35d7e70f0f",
            "value": 1072
        },
        {
            "endDatetime": "2021-06-17T14:12:23.484855-04:00",
            "extras": {
            },
            "index": 86,
            "label": "InletPort",
            "originalEndDatetime": "2021-06-17T14:12:23.485085-04:00",
            "originalStartDatetime": "2021-06-17T14:12:23.485085-04:00",
            "port": "InletPort",
            "startDatetime": "2021-06-17T14:12:23.484855-04:00",
            "type": "instance",
            "uuid": "c66dcc2b-235a-4f36-814b-0daf0791562a",
            "value": 80
        },
        {
            "endDatetime": "2021-06-17T14:12:23.547524-04:00",
            "extras": {
            },
            "index": 87,
            "label": "InletPort",
            "originalEndDatetime": "2021-06-17T14:12:23.548546-04:00",
            "originalStartDatetime": "2021-06-17T14:12:23.548546-04:00",
            "port": "InletPort",
            "startDatetime": "2021-06-17T14:12:23.547524-04:00",
            "type": "instance",
            "uuid": "c6601cfa-b7e3-48ee-8983-f5447c2ef48c",
            "value": 1
        },
        {
            "endDatetime": "2021-06-17T14:12:25.585064-04:00",
            "extras": {
            },
            "index": 88,
            "label": "InletPort",
            "originalEndDatetime": "2021-06-17T14:12:25.584194-04:00",
            "originalStartDatetime": "2021-06-17T14:12:25.584194-04:00",
            "port": "InletPort",
            "startDatetime": "2021-06-17T14:12:25.585064-04:00",
            "type": "instance",
            "uuid": "bc9f14f1-b64e-465d-86d8-082fe7083a73",
            "value": 1
        },
        {
            "endDatetime": "2021-06-17T14:12:27.568749-04:00",
            "extras": {
            },
            "index": 89,
            "label": "InletPort",
            "originalEndDatetime": "2021-06-17T14:12:27.567305-04:00",
            "originalStartDatetime": "2021-06-17T14:12:27.567305-04:00",
            "port": "InletPort",
            "startDatetime": "2021-06-17T14:12:27.568749-04:00",
            "type": "instance",
            "uuid": "2c54602e-cc98-4225-b4b7-706126fbe52c",
            "value": 1
        },
        {
            "endDatetime": "2021-06-17T14:12:29.594580-04:00",
            "extras": {
            },
            "index": 90,
            "label": "InletPort",
            "originalEndDatetime": "2021-06-17T14:12:29.593654-04:00",
            "originalStartDatetime": "2021-06-17T14:12:29.593654-04:00",
            "port": "InletPort",
            "startDatetime": "2021-06-17T14:12:29.594580-04:00",
            "type": "instance",
            "uuid": "2e522c75-d6ed-4da5-aaf3-b51e58eb574d",
            "value": 1
        },
        {
            "endDatetime": "2021-06-17T14:12:31.597585-04:00",
            "extras": {
            },
            "index": 91,
            "label": "InletPort",
            "originalEndDatetime": "2021-06-17T14:12:31.596575-04:00",
            "originalStartDatetime": "2021-06-17T14:12:31.596575-04:00",
            "port": "InletPort",
            "startDatetime": "2021-06-17T14:12:31.597585-04:00",
            "type": "instance",
            "uuid": "ac656196-7529-4019-8cf8-7fcafc8a5c5c",
            "value": 1
        },
        {
            "endDatetime": "2021-06-17T14:12:33.636429-04:00",
            "extras": {
            },
            "index": 92,
            "label": "InletPort",
            "originalEndDatetime": "2021-06-17T14:12:33.637513-04:00",
            "originalStartDatetime": "2021-06-17T14:12:33.637513-04:00",
            "port": "InletPort",
            "startDatetime": "2021-06-17T14:12:33.636429-04:00",
            "type": "instance",
            "uuid": "a6a403e5-feeb-4064-8d69-836762bf3659",
            "value": 1
        },
        {
            "endDatetime": "2021-06-17T14:12:35.634930-04:00",
            "extras": {
            },
            "index": 93,
            "label": "InletPort",
            "originalEndDatetime": "2021-06-17T14:12:35.633476-04:00",
            "originalStartDatetime": "2021-06-17T14:12:35.633476-04:00",
            "port": "InletPort",
            "startDatetime": "2021-06-17T14:12:35.634930-04:00",
            "type": "instance",
            "uuid": "8db7be7b-92d2-4bac-820e-1cbb32723298",
            "value": 1
        },
        {
            "endDatetime": "2021-06-17T14:12:37.656856-04:00",
            "extras": {
            },
            "index": 94,
            "label": "InletPort",
            "originalEndDatetime": "2021-06-17T14:12:37.656564-04:00",
            "originalStartDatetime": "2021-06-17T14:12:37.656564-04:00",
            "port": "InletPort",
            "startDatetime": "2021-06-17T14:12:37.656856-04:00",
            "type": "instance",
            "uuid": "522647b2-8285-4c13-b38b-65fcc0e3f949",
            "value": 1
        },
        {
            "endDatetime": "2021-06-17T14:12:39.659653-04:00",
            "extras": {
            },
            "index": 95,
            "label": "InletPort",
            "originalEndDatetime": "2021-06-17T14:12:39.660255-04:00",
            "originalStartDatetime": "2021-06-17T14:12:39.660255-04:00",
            "port": "InletPort",
            "startDatetime": "2021-06-17T14:12:39.659653-04:00",
            "type": "instance",
            "uuid": "d68a1996-ec22-4e15-9b63-966d97ebc93c",
            "value": 1
        },
        {
            "endDatetime": "2021-06-17T14:12:41.686074-04:00",
            "extras": {
            },
            "index": 96,
            "label": "InletPort",
            "originalEndDatetime": "2021-06-17T14:12:41.687199-04:00",
            "originalStartDatetime": "2021-06-17T14:12:41.687199-04:00",
            "port": "InletPort",
            "startDatetime": "2021-06-17T14:12:41.686074-04:00",
            "type": "instance",
            "uuid": "6f20eb57-8293-4f54-b728-53356803bcb5",
            "value": 1
        },
        {
            "endDatetime": "2021-06-17T14:12:43.699879-04:00",
            "extras": {
            },
            "index": 97,
            "label": "InletPort",
            "originalEndDatetime": "2021-06-17T14:12:43.698748-04:00",
            "originalStartDatetime": "2021-06-17T14:12:43.698748-04:00",
            "port": "InletPort",
            "startDatetime": "2021-06-17T14:12:43.699879-04:00",
            "type": "instance",
            "uuid": "84513f4b-2a0d-4f82-8f8c-73b9925c0750",
            "value": 1
        },
        {
            "endDatetime": "2021-06-17T14:12:45.688153-04:00",
            "extras": {
            },
            "index": 98,
            "label": "InletPort",
            "originalEndDatetime": "2021-06-17T14:12:45.689940-04:00",
            "originalStartDatetime": "2021-06-17T14:12:45.689940-04:00",
            "port": "InletPort",
            "startDatetime": "2021-06-17T14:12:45.688153-04:00",
            "type": "instance",
            "uuid": "9985d793-7081-4466-8c39-c025f716e89d",
            "value": 1
        },
        {
            "endDatetime": "2021-06-17T14:12:47.729387-04:00",
            "extras": {
            },
            "index": 99,
            "label": "InletPort",
            "originalEndDatetime": "2021-06-17T14:12:47.730041-04:00",
            "originalStartDatetime": "2021-06-17T14:12:47.730041-04:00",
            "port": "InletPort",
            "startDatetime": "2021-06-17T14:12:47.729387-04:00",
            "type": "instance",
            "uuid": "b09374a4-aa13-4698-a3af-a704adadc4a7",
            "value": 1
        },
        {
            "endDatetime": "2021-06-17T14:12:49.720264-04:00",
            "extras": {
            },
            "index": 100,
            "label": "InletPort",
            "originalEndDatetime": "2021-06-17T14:12:49.721254-04:00",
            "originalStartDatetime": "2021-06-17T14:12:49.721254-04:00",
            "port": "InletPort",
            "startDatetime": "2021-06-17T14:12:49.720264-04:00",
            "type": "instance",
            "uuid": "8028f0d6-eb89-4622-8019-23223bebcf6b",
            "value": 1
        },
        {
            "endDatetime": "2021-06-17T14:12:51.750583-04:00",
            "extras": {
            },
            "index": 101,
            "label": "InletPort",
            "originalEndDatetime": "2021-06-17T14:12:51.749572-04:00",
            "originalStartDatetime": "2021-06-17T14:12:51.749572-04:00",
            "port": "InletPort",
            "startDatetime": "2021-06-17T14:12:51.750583-04:00",
            "type": "instance",
            "uuid": "744ab371-477d-4d3e-9d6c-6a17a57b8e6b",
            "value": 1
        },
        {
            "endDatetime": "2021-06-17T14:12:53.765985-04:00",
            "extras": {
            },
            "index": 102,
            "label": "InletPort",
            "originalEndDatetime": "2021-06-17T14:12:53.766565-04:00",
            "originalStartDatetime": "2021-06-17T14:12:53.766565-04:00",
            "port": "InletPort",
            "startDatetime": "2021-06-17T14:12:53.765985-04:00",
            "type": "instance",
            "uuid": "58184997-6a12-4f43-a7c6-1858aeb3eef0",
            "value": 1
        },
        {
            "endDatetime": "2021-06-17T14:12:55.752356-04:00",
            "extras": {
            },
            "index": 103,
            "label": "InletPort",
            "originalEndDatetime": "2021-06-17T14:12:55.753837-04:00",
            "originalStartDatetime": "2021-06-17T14:12:55.753837-04:00",
            "port": "InletPort",
            "startDatetime": "2021-06-17T14:12:55.752356-04:00",
            "type": "instance",
            "uuid": "83a41768-0472-4860-8d47-ef724658c050",
            "value": 1
        },
        {
            "endDatetime": "2021-06-17T14:12:57.782870-04:00",
            "extras": {
            },
            "index": 104,
            "label": "InletPort",
            "originalEndDatetime": "2021-06-17T14:12:57.781133-04:00",
            "originalStartDatetime": "2021-06-17T14:12:57.781133-04:00",
            "port": "InletPort",
            "startDatetime": "2021-06-17T14:12:57.782870-04:00",
            "type": "instance",
            "uuid": "7c7f35ec-db2a-4cf6-bcc9-8b4c59d73a2e",
            "value": 1
        },
        {
            "endDatetime": "2021-06-17T14:12:59.789152-04:00",
            "extras": {
            },
            "index": 105,
            "label": "InletPort",
            "originalEndDatetime": "2021-06-17T14:12:59.787215-04:00",
            "originalStartDatetime": "2021-06-17T14:12:59.787215-04:00",
            "port": "InletPort",
            "startDatetime": "2021-06-17T14:12:59.789152-04:00",
            "type": "instance",
            "uuid": "63ec06cb-c71c-4422-9f58-7e978560d728",
            "value": 1
        },
        {
            "endDatetime": "2021-06-17T14:13:01.807856-04:00",
            "extras": {
            },
            "index": 106,
            "label": "InletPort",
            "originalEndDatetime": "2021-06-17T14:13:01.806243-04:00",
            "originalStartDatetime": "2021-06-17T14:13:01.806243-04:00",
            "port": "InletPort",
            "startDatetime": "2021-06-17T14:13:01.807856-04:00",
            "type": "instance",
            "uuid": "5d544e43-4b3f-4f79-a780-b41a914d3824",
            "value": 1
        },
        {
            "endDatetime": "2021-06-17T14:13:03.830056-04:00",
            "extras": {
            },
            "index": 107,
            "label": "InletPort",
            "originalEndDatetime": "2021-06-17T14:13:03.831749-04:00",
            "originalStartDatetime": "2021-06-17T14:13:03.831749-04:00",
            "port": "InletPort",
            "startDatetime": "2021-06-17T14:13:03.830056-04:00",
            "type": "instance",
            "uuid": "82b3c45f-0735-4a78-a2ff-1a6cf4908e64",
            "value": 1
        },
        {
            "endDatetime": "2021-06-17T14:13:05.828926-04:00",
            "extras": {
            },
            "index": 108,
            "label": "InletPort",
            "originalEndDatetime": "2021-06-17T14:13:05.827929-04:00",
            "originalStartDatetime": "2021-06-17T14:13:05.827929-04:00",
            "port": "InletPort",
            "startDatetime": "2021-06-17T14:13:05.828926-04:00",
            "type": "instance",
            "uuid": "1cd103d3-ab35-4481-8419-2e311ad61dd2",
            "value": 1
        },
        {
            "endDatetime": "2021-06-17T14:13:07.831397-04:00",
            "extras": {
            },
            "index": 109,
            "label": "InletPort",
            "originalEndDatetime": "2021-06-17T14:13:07.831560-04:00",
            "originalStartDatetime": "2021-06-17T14:13:07.831560-04:00",
            "port": "InletPort",
            "startDatetime": "2021-06-17T14:13:07.831397-04:00",
            "type": "instance",
            "uuid": "6bf789c4-69d4-49b8-9234-1c0398cc6ccc",
            "value": 1
        },
        {
            "endDatetime": "2021-06-17T14:13:09.869908-04:00",
            "extras": {
            },
            "index": 110,
            "label": "InletPort",
            "originalEndDatetime": "2021-06-17T14:13:09.868374-04:00",
            "originalStartDatetime": "2021-06-17T14:13:09.868374-04:00",
            "port": "InletPort",
            "startDatetime": "2021-06-17T14:13:09.869908-04:00",
            "type": "instance",
            "uuid": "efb03df1-3dc9-4519-b3a9-d744f5890f8e",
            "value": 1
        },
        {
            "endDatetime": "2021-06-17T14:13:11.864470-04:00",
            "extras": {
            },
            "index": 111,
            "label": "InletPort",
            "originalEndDatetime": "2021-06-17T14:13:11.865464-04:00",
            "originalStartDatetime": "2021-06-17T14:13:11.865464-04:00",
            "port": "InletPort",
            "startDatetime": "2021-06-17T14:13:11.864470-04:00",
            "type": "instance",
            "uuid": "a940a14a-ea4d-4599-bc1d-2d1b03f35320",
            "value": 1
        },
        {
            "endDatetime": "2021-06-17T14:13:13.890966-04:00",
            "extras": {
            },
            "index": 112,
            "label": "InletPort",
            "originalEndDatetime": "2021-06-17T14:13:13.891194-04:00",
            "originalStartDatetime": "2021-06-17T14:13:13.891194-04:00",
            "port": "InletPort",
            "startDatetime": "2021-06-17T14:13:13.890966-04:00",
            "type": "instance",
            "uuid": "003474e3-347b-4731-abb5-e2844d39178e",
            "value": 1080
        },
        {
            "endDatetime": "2021-06-17T14:13:13.890966-04:00",
            "extras": {
            },
            "index": 113,
            "label": "InletPort",
            "originalEndDatetime": "2021-06-17T14:13:13.891194-04:00",
            "originalStartDatetime": "2021-06-17T14:13:13.891194-04:00",
            "port": "InletPort",
            "startDatetime": "2021-06-17T14:13:13.890966-04:00",
            "type": "instance",
            "uuid": "a945d064-b0ea-49de-804a-1dcb62962315",
            "value": 70
        },
        {
            "endDatetime": "2021-06-17T14:13:18.923927-04:00",
            "extras": {
            },
            "index": 114,
            "label": "InletPort",
            "originalEndDatetime": "2021-06-17T14:13:18.922476-04:00",
            "originalStartDatetime": "2021-06-17T14:13:18.922476-04:00",
            "port": "InletPort",
            "startDatetime": "2021-06-17T14:13:18.923927-04:00",
            "type": "instance",
            "uuid": "529f977f-566b-4437-8d4d-fdaffc9abd61",
            "value": 1070
        },
        {
            "endDatetime": "2021-06-17T14:13:18.923927-04:00",
            "extras": {
            },
            "index": 115,
            "label": "InletPort",
            "originalEndDatetime": "2021-06-17T14:13:18.922476-04:00",
            "originalStartDatetime": "2021-06-17T14:13:18.922476-04:00",
            "port": "InletPort",
            "startDatetime": "2021-06-17T14:13:18.923927-04:00",
            "type": "instance",
            "uuid": "007124e0-1cbb-42f8-a0a1-f862c94d0ee1",
            "value": 72
        },
        {
            "endDatetime": "2021-06-17T14:13:18.955261-04:00",
            "extras": {
            },
            "index": 116,
            "label": "InletPort",
            "originalEndDatetime": "2021-06-17T14:13:18.953311-04:00",
            "originalStartDatetime": "2021-06-17T14:13:18.953311-04:00",
            "port": "InletPort",
            "startDatetime": "2021-06-17T14:13:18.955261-04:00",
            "type": "instance",
            "uuid": "5b43345b-6808-471f-b626-1ff69b26aea6",
            "value": 1072
        },
        {
            "endDatetime": "2021-06-17T14:13:18.955261-04:00",
            "extras": {
            },
            "index": 117,
            "label": "InletPort",
            "originalEndDatetime": "2021-06-17T14:13:18.953311-04:00",
            "originalStartDatetime": "2021-06-17T14:13:18.953311-04:00",
            "port": "InletPort",
            "startDatetime": "2021-06-17T14:13:18.955261-04:00",
            "type": "instance",
            "uuid": "31c0ee29-60b6-4baf-9bd3-411ebd7abd0d",
            "value": 73
        },
        {
            "endDatetime": "2021-06-17T14:14:20.857682-04:00",
            "extras": {
            },
            "index": 118,
            "label": "InletPort",
            "originalEndDatetime": "2021-06-17T14:14:20.858422-04:00",
            "originalStartDatetime": "2021-06-17T14:14:20.858422-04:00",
            "port": "InletPort",
            "startDatetime": "2021-06-17T14:14:20.857682-04:00",
            "type": "instance",
            "uuid": "8f582712-19d5-474a-a254-9eebcdd6fa69",
            "value": 1073
        },
        {
            "endDatetime": "2021-06-17T14:14:20.857682-04:00",
            "extras": {
            },
            "index": 119,
            "label": "InletPort",
            "originalEndDatetime": "2021-06-17T14:14:20.858422-04:00",
            "originalStartDatetime": "2021-06-17T14:14:20.858422-04:00",
            "port": "InletPort",
            "startDatetime": "2021-06-17T14:14:20.857682-04:00",
            "type": "instance",
            "uuid": "134b20d6-b36f-4c5e-bee1-18418d3a57d5",
            "value": 71
        },
        {
            "endDatetime": "2021-06-17T14:14:30.993330-04:00",
            "extras": {
            },
            "index": 120,
            "label": "InletPort",
            "originalEndDatetime": "2021-06-17T14:14:30.993360-04:00",
            "originalStartDatetime": "2021-06-17T14:14:30.993360-04:00",
            "port": "InletPort",
            "startDatetime": "2021-06-17T14:14:30.993330-04:00",
            "type": "instance",
            "uuid": "9d6fbe02-a1f0-430b-9de8-a77c5d4b01f2",
            "value": 1071
        },
        {
            "endDatetime": "2021-06-17T14:14:30.993330-04:00",
            "extras": {
            },
            "index": 121,
            "label": "InletPort",
            "originalEndDatetime": "2021-06-17T14:14:30.993360-04:00",
            "originalStartDatetime": "2021-06-17T14:14:30.993360-04:00",
            "port": "InletPort",
            "startDatetime": "2021-06-17T14:14:30.993330-04:00",
            "type": "instance",
            "uuid": "10954b78-ce37-4832-9d17-4ea492ec81bd",
            "value": 72
        },
        {
            "endDatetime": "2021-06-17T14:14:33.515300-04:00",
            "extras": {
            },
            "index": 122,
            "label": "InletPort",
            "originalEndDatetime": "2021-06-17T14:14:33.515132-04:00",
            "originalStartDatetime": "2021-06-17T14:14:33.515132-04:00",
            "port": "InletPort",
            "startDatetime": "2021-06-17T14:14:33.515300-04:00",
            "type": "instance",
            "uuid": "cca1e0a1-a428-451d-9961-8224af42bb29",
            "value": 1072
        },
        {
            "endDatetime": "2021-06-17T14:14:33.515300-04:00",
            "extras": {
            },
            "index": 123,
            "label": "InletPort",
            "originalEndDatetime": "2021-06-17T14:14:33.515132-04:00",
            "originalStartDatetime": "2021-06-17T14:14:33.515132-04:00",
            "port": "InletPort",
            "startDatetime": "2021-06-17T14:14:33.515300-04:00",
            "type": "instance",
            "uuid": "8aeb9000-866c-47af-abd8-7e1788a4b7eb",
            "value": 80
        },
        {
            "endDatetime": "2021-06-17T14:14:33.620511-04:00",
            "extras": {
            },
            "index": 124,
            "label": "InletPort",
            "originalEndDatetime": "2021-06-17T14:14:33.622001-04:00",
            "originalStartDatetime": "2021-06-17T14:14:33.622001-04:00",
            "port": "InletPort",
            "startDatetime": "2021-06-17T14:14:33.620511-04:00",
            "type": "instance",
            "uuid": "2f93ea6c-edd1-422f-a180-a9f2b784c93c",
            "value": 2
        },
        {
            "endDatetime": "2021-06-17T14:14:35.646850-04:00",
            "extras": {
            },
            "index": 125,
            "label": "InletPort",
            "originalEndDatetime": "2021-06-17T14:14:35.645705-04:00",
            "originalStartDatetime": "2021-06-17T14:14:35.645705-04:00",
            "port": "InletPort",
            "startDatetime": "2021-06-17T14:14:35.646850-04:00",
            "type": "instance",
            "uuid": "fc62da3a-461e-4e06-b1b9-f04724588277",
            "value": 2
        },
        {
            "endDatetime": "2021-06-17T14:14:37.633850-04:00",
            "extras": {
            },
            "index": 126,
            "label": "InletPort",
            "originalEndDatetime": "2021-06-17T14:14:37.634242-04:00",
            "originalStartDatetime": "2021-06-17T14:14:37.634242-04:00",
            "port": "InletPort",
            "startDatetime": "2021-06-17T14:14:37.633850-04:00",
            "type": "instance",
            "uuid": "47486d48-44f4-46d5-b35c-60de3239aa6e",
            "value": 2
        },
        {
            "endDatetime": "2021-06-17T14:14:39.656289-04:00",
            "extras": {
            },
            "index": 127,
            "label": "InletPort",
            "originalEndDatetime": "2021-06-17T14:14:39.658180-04:00",
            "originalStartDatetime": "2021-06-17T14:14:39.658180-04:00",
            "port": "InletPort",
            "startDatetime": "2021-06-17T14:14:39.656289-04:00",
            "type": "instance",
            "uuid": "c50e9927-7e3c-4308-b1d6-5b5006e41533",
            "value": 2
        },
        {
            "endDatetime": "2021-06-17T14:14:41.674822-04:00",
            "extras": {
            },
            "index": 128,
            "label": "InletPort",
            "originalEndDatetime": "2021-06-17T14:14:41.674011-04:00",
            "originalStartDatetime": "2021-06-17T14:14:41.674011-04:00",
            "port": "InletPort",
            "startDatetime": "2021-06-17T14:14:41.674822-04:00",
            "type": "instance",
            "uuid": "be36c59a-026b-4e0a-b780-81fa04ba5680",
            "value": 2
        },
        {
            "endDatetime": "2021-06-17T14:14:43.677538-04:00",
            "extras": {
            },
            "index": 129,
            "label": "InletPort",
            "originalEndDatetime": "2021-06-17T14:14:43.678597-04:00",
            "originalStartDatetime": "2021-06-17T14:14:43.678597-04:00",
            "port": "InletPort",
            "startDatetime": "2021-06-17T14:14:43.677538-04:00",
            "type": "instance",
            "uuid": "b341a996-7728-44a5-bdec-b39e593761b0",
            "value": 2
        },
        {
            "endDatetime": "2021-06-17T14:14:45.704279-04:00",
            "extras": {
            },
            "index": 130,
            "label": "InletPort",
            "originalEndDatetime": "2021-06-17T14:14:45.705627-04:00",
            "originalStartDatetime": "2021-06-17T14:14:45.705627-04:00",
            "port": "InletPort",
            "startDatetime": "2021-06-17T14:14:45.704279-04:00",
            "type": "instance",
            "uuid": "62c22258-22a7-4c56-94ab-977cea2b23a6",
            "value": 2
        },
        {
            "endDatetime": "2021-06-17T14:14:47.702690-04:00",
            "extras": {
            },
            "index": 131,
            "label": "InletPort",
            "originalEndDatetime": "2021-06-17T14:14:47.703785-04:00",
            "originalStartDatetime": "2021-06-17T14:14:47.703785-04:00",
            "port": "InletPort",
            "startDatetime": "2021-06-17T14:14:47.702690-04:00",
            "type": "instance",
            "uuid": "50b01605-a4ad-490d-b84d-fd0bd6ccb932",
            "value": 2
        },
        {
            "endDatetime": "2021-06-17T14:14:49.736739-04:00",
            "extras": {
            },
            "index": 132,
            "label": "InletPort",
            "originalEndDatetime": "2021-06-17T14:14:49.738258-04:00",
            "originalStartDatetime": "2021-06-17T14:14:49.738258-04:00",
            "port": "InletPort",
            "startDatetime": "2021-06-17T14:14:49.736739-04:00",
            "type": "instance",
            "uuid": "a689de94-abd5-48b0-827b-b2eacaa73522",
            "value": 2
        },
        {
            "endDatetime": "2021-06-17T14:14:51.747265-04:00",
            "extras": {
            },
            "index": 133,
            "label": "InletPort",
            "originalEndDatetime": "2021-06-17T14:14:51.745723-04:00",
            "originalStartDatetime": "2021-06-17T14:14:51.745723-04:00",
            "port": "InletPort",
            "startDatetime": "2021-06-17T14:14:51.747265-04:00",
            "type": "instance",
            "uuid": "fbcfaecd-4a89-4ce5-8d48-c801f1430f1f",
            "value": 2
        },
        {
            "endDatetime": "2021-06-17T14:14:53.769698-04:00",
            "extras": {
            },
            "index": 134,
            "label": "InletPort",
            "originalEndDatetime": "2021-06-17T14:14:53.768213-04:00",
            "originalStartDatetime": "2021-06-17T14:14:53.768213-04:00",
            "port": "InletPort",
            "startDatetime": "2021-06-17T14:14:53.769698-04:00",
            "type": "instance",
            "uuid": "3bd79b85-0bd3-4f0d-ab64-5978073137fb",
            "value": 2
        },
        {
            "endDatetime": "2021-06-17T14:14:55.783926-04:00",
            "extras": {
            },
            "index": 135,
            "label": "InletPort",
            "originalEndDatetime": "2021-06-17T14:14:55.785116-04:00",
            "originalStartDatetime": "2021-06-17T14:14:55.785116-04:00",
            "port": "InletPort",
            "startDatetime": "2021-06-17T14:14:55.783926-04:00",
            "type": "instance",
            "uuid": "3cc9057a-1b5d-44b7-9ece-0f3164d12a03",
            "value": 2
        },
        {
            "endDatetime": "2021-06-17T14:14:57.783234-04:00",
            "extras": {
            },
            "index": 136,
            "label": "InletPort",
            "originalEndDatetime": "2021-06-17T14:14:57.782037-04:00",
            "originalStartDatetime": "2021-06-17T14:14:57.782037-04:00",
            "port": "InletPort",
            "startDatetime": "2021-06-17T14:14:57.783234-04:00",
            "type": "instance",
            "uuid": "33f0ba59-2655-4259-9396-2943dd1cfcc4",
            "value": 2
        },
        {
            "endDatetime": "2021-06-17T14:14:59.789448-04:00",
            "extras": {
            },
            "index": 137,
            "label": "InletPort",
            "originalEndDatetime": "2021-06-17T14:14:59.788374-04:00",
            "originalStartDatetime": "2021-06-17T14:14:59.788374-04:00",
            "port": "InletPort",
            "startDatetime": "2021-06-17T14:14:59.789448-04:00",
            "type": "instance",
            "uuid": "07592723-b68f-4cad-a831-4f99415bb533",
            "value": 2
        },
        {
            "endDatetime": "2021-06-17T14:15:01.819888-04:00",
            "extras": {
            },
            "index": 138,
            "label": "InletPort",
            "originalEndDatetime": "2021-06-17T14:15:01.818332-04:00",
            "originalStartDatetime": "2021-06-17T14:15:01.818332-04:00",
            "port": "InletPort",
            "startDatetime": "2021-06-17T14:15:01.819888-04:00",
            "type": "instance",
            "uuid": "448a8317-7356-44e7-baf8-b74384da9a6d",
            "value": 2
        },
        {
            "endDatetime": "2021-06-17T14:15:03.834416-04:00",
            "extras": {
            },
            "index": 139,
            "label": "InletPort",
            "originalEndDatetime": "2021-06-17T14:15:03.832793-04:00",
            "originalStartDatetime": "2021-06-17T14:15:03.832793-04:00",
            "port": "InletPort",
            "startDatetime": "2021-06-17T14:15:03.834416-04:00",
            "type": "instance",
            "uuid": "7680d997-d800-4755-97ab-b6acc4e632fe",
            "value": 2
        },
        {
            "endDatetime": "2021-06-17T14:15:05.829623-04:00",
            "extras": {
            },
            "index": 140,
            "label": "InletPort",
            "originalEndDatetime": "2021-06-17T14:15:05.828599-04:00",
            "originalStartDatetime": "2021-06-17T14:15:05.828599-04:00",
            "port": "InletPort",
            "startDatetime": "2021-06-17T14:15:05.829623-04:00",
            "type": "instance",
            "uuid": "fe1f4cd6-a94e-4d38-9df8-1e9720b38468",
            "value": 2
        },
        {
            "endDatetime": "2021-06-17T14:15:07.863573-04:00",
            "extras": {
            },
            "index": 141,
            "label": "InletPort",
            "originalEndDatetime": "2021-06-17T14:15:07.862305-04:00",
            "originalStartDatetime": "2021-06-17T14:15:07.862305-04:00",
            "port": "InletPort",
            "startDatetime": "2021-06-17T14:15:07.863573-04:00",
            "type": "instance",
            "uuid": "3308ee55-cb89-477a-8d59-fa0c6737f2f0",
            "value": 2
        },
        {
            "endDatetime": "2021-06-17T14:15:09.866186-04:00",
            "extras": {
            },
            "index": 142,
            "label": "InletPort",
            "originalEndDatetime": "2021-06-17T14:15:09.867674-04:00",
            "originalStartDatetime": "2021-06-17T14:15:09.867674-04:00",
            "port": "InletPort",
            "startDatetime": "2021-06-17T14:15:09.866186-04:00",
            "type": "instance",
            "uuid": "55f52443-d6c6-4ce5-93b0-5f2284b0aadb",
            "value": 2
        },
        {
            "endDatetime": "2021-06-17T14:15:11.888518-04:00",
            "extras": {
            },
            "index": 143,
            "label": "InletPort",
            "originalEndDatetime": "2021-06-17T14:15:11.889950-04:00",
            "originalStartDatetime": "2021-06-17T14:15:11.889950-04:00",
            "port": "InletPort",
            "startDatetime": "2021-06-17T14:15:11.888518-04:00",
            "type": "instance",
            "uuid": "087bfa7f-9552-4523-9142-b4820d1b274e",
            "value": 2
        },
        {
            "endDatetime": "2021-06-17T14:15:13.891627-04:00",
            "extras": {
            },
            "index": 144,
            "label": "InletPort",
            "originalEndDatetime": "2021-06-17T14:15:13.890573-04:00",
            "originalStartDatetime": "2021-06-17T14:15:13.890573-04:00",
            "port": "InletPort",
            "startDatetime": "2021-06-17T14:15:13.891627-04:00",
            "type": "instance",
            "uuid": "34613b5a-8f12-4186-9123-580377db616a",
            "value": 2
        },
        {
            "endDatetime": "2021-06-17T14:15:15.921570-04:00",
            "extras": {
            },
            "index": 145,
            "label": "InletPort",
            "originalEndDatetime": "2021-06-17T14:15:15.922748-04:00",
            "originalStartDatetime": "2021-06-17T14:15:15.922748-04:00",
            "port": "InletPort",
            "startDatetime": "2021-06-17T14:15:15.921570-04:00",
            "type": "instance",
            "uuid": "773e69cb-b5da-4eb1-acd8-156220fd366d",
            "value": 2
        },
        {
            "endDatetime": "2021-06-17T14:15:17.905058-04:00",
            "extras": {
            },
            "index": 146,
            "label": "InletPort",
            "originalEndDatetime": "2021-06-17T14:15:17.905957-04:00",
            "originalStartDatetime": "2021-06-17T14:15:17.905957-04:00",
            "port": "InletPort",
            "startDatetime": "2021-06-17T14:15:17.905058-04:00",
            "type": "instance",
            "uuid": "7350afc1-9660-48e4-94c5-a19d535a6ead",
            "value": 2
        },
        {
            "endDatetime": "2021-06-17T14:15:19.939603-04:00",
            "extras": {
            },
            "index": 147,
            "label": "InletPort",
            "originalEndDatetime": "2021-06-17T14:15:19.939554-04:00",
            "originalStartDatetime": "2021-06-17T14:15:19.939554-04:00",
            "port": "InletPort",
            "startDatetime": "2021-06-17T14:15:19.939603-04:00",
            "type": "instance",
            "uuid": "ecdc62eb-343c-42d7-a108-fe87ebdf66ce",
            "value": 2
        },
        {
            "endDatetime": "2021-06-17T14:15:21.937610-04:00",
            "extras": {
            },
            "index": 148,
            "label": "InletPort",
            "originalEndDatetime": "2021-06-17T14:15:21.937712-04:00",
            "originalStartDatetime": "2021-06-17T14:15:21.937712-04:00",
            "port": "InletPort",
            "startDatetime": "2021-06-17T14:15:21.937610-04:00",
            "type": "instance",
            "uuid": "20eee4fd-0b6c-417c-aa4d-831a1077a6ab",
            "value": 2
        },
        {
            "endDatetime": "2021-06-17T14:15:23.971953-04:00",
            "extras": {
            },
            "index": 149,
            "label": "InletPort",
            "originalEndDatetime": "2021-06-17T14:15:23.972623-04:00",
            "originalStartDatetime": "2021-06-17T14:15:23.972623-04:00",
            "port": "InletPort",
            "startDatetime": "2021-06-17T14:15:23.971953-04:00",
            "type": "instance",
            "uuid": "a3119814-7e09-4e8c-bdbe-b961328144aa",
            "value": 1080
        },
        {
            "endDatetime": "2021-06-17T14:15:23.971953-04:00",
            "extras": {
            },
            "index": 150,
            "label": "InletPort",
            "originalEndDatetime": "2021-06-17T14:15:23.972623-04:00",
            "originalStartDatetime": "2021-06-17T14:15:23.972623-04:00",
            "port": "InletPort",
            "startDatetime": "2021-06-17T14:15:23.971953-04:00",
            "type": "instance",
            "uuid": "f9d0aedd-b679-444c-b7e1-378584bc96c8",
            "value": 91
        }
    ],
    "exportApp": "com.emotiv.emotivpro",
    "exportTime": "2021-06-17T14:15:52.377-04:00",
    "mappings": null,
    "recordId": "869ec163-cef8-42e2-802d-fec93d5790fe",
    "user": "diamandislab"
}
