type,key,timestamp,time_delay,word_color,word_text,timestamp_stim
concordant,none,,-1,red,red,1623953283.7901049
concordant,none,,-1,yellow,yellow,1623953285.819151
concordant,none,,-1,green,green,1623953287.8356893
concordant,none,,-1,red,red,1623953289.845077
concordant,none,,-1,yellow,yellow,1623953291.8576329
concordant,none,,-1,red,red,1623953293.869975
concordant,none,,-1,green,green,1623953295.8808672
concordant,none,,-1,yellow,yellow,1623953297.8917081
concordant,none,,-1,red,red,1623953299.9081447
concordant,none,,-1,yellow,yellow,1623953301.9178903
concordant,none,,-1,green,green,1623953303.9304338
concordant,none,,-1,red,red,1623953305.9405282
concordant,none,,-1,green,green,1623953307.952501
concordant,none,,-1,yellow,yellow,1623953309.9639637
concordant,none,,-1,red,red,1623953311.9747264
concordant,none,,-1,yellow,yellow,1623953313.9858825
concordant,none,,-1,green,green,1623953316.001239
concordant,none,,-1,red,red,1623953318.0122015
concordant,none,,-1,green,green,1623953320.027988
concordant,none,,-1,yellow,yellow,1623953322.0395694
concordant,none,,-1,green,green,1623953324.0507185
concordant,none,,-1,red,red,1623953326.063591
concordant,none,,-1,yellow,yellow,1623953328.0763128
concordant,none,,-1,green,green,1623953330.09267
concordant,none,,-1,yellow,yellow,1623953332.1035411
type,key,timestamp,time_delay,word_color,word_text,timestamp_stim
discordant,none,,-1,green,yellow,1623953413.7189987
discordant,none,,-1,red,green,1623953415.7486615
discordant,none,,-1,yellow,red,1623953417.7620475
discordant,none,,-1,green,yellow,1623953419.7757096
discordant,none,,-1,red,green,1623953421.7875922
discordant,none,,-1,yellow,red,1623953423.8000898
discordant,none,,-1,green,yellow,1623953425.8110366
discordant,none,,-1,red,green,1623953427.822337
discordant,none,,-1,yellow,red,1623953429.8346255
discordant,none,,-1,red,green,1623953431.8457859
discordant,none,,-1,yellow,red,1623953433.8564706
discordant,none,,-1,red,yellow,1623953435.8676429
discordant,none,,-1,yellow,red,1623953437.8772085
discordant,none,,-1,red,yellow,1623953439.8890574
discordant,none,,-1,green,red,1623953441.9013295
discordant,none,,-1,red,yellow,1623953443.9134917
discordant,none,,-1,yellow,red,1623953445.9246285
discordant,none,,-1,green,yellow,1623953447.9363666
discordant,none,,-1,red,green,1623953449.9513159
discordant,none,,-1,green,red,1623953451.9660084
discordant,none,,-1,red,yellow,1623953453.9765472
discordant,none,,-1,yellow,green,1623953455.9872935
discordant,none,,-1,green,yellow,1623953457.999104
discordant,none,,-1,yellow,red,1623953460.0128052
discordant,none,,-1,green,yellow,1623953462.0228782
type,key,timestamp,time_delay,word_color,word_text,timestamp_stim
concordant,none,,-1,red,red,1623953543.5312476
concordant,none,,-1,yellow,yellow,1623953545.5538955
concordant,none,,-1,red,red,1623953547.5654006
concordant,none,,-1,green,green,1623953549.5816078
concordant,none,,-1,yellow,yellow,1623953551.5942116
concordant,none,,-1,green,green,1623953553.6076624
concordant,none,,-1,red,red,1623953555.6189475
concordant,none,,-1,green,green,1623953557.634373
concordant,none,,-1,red,red,1623953559.6471598
concordant,none,,-1,green,green,1623953561.65889
concordant,none,,-1,red,red,1623953563.6702583
concordant,none,,-1,green,green,1623953565.6819832
concordant,none,,-1,red,red,1623953567.6933274
concordant,none,,-1,yellow,yellow,1623953569.7113025
concordant,none,,-1,red,red,1623953571.7269325
concordant,none,,-1,yellow,yellow,1623953573.7390413
concordant,none,,-1,red,red,1623953575.7510283
concordant,none,,-1,yellow,yellow,1623953577.7657878
concordant,none,,-1,red,red,1623953579.777268
concordant,none,,-1,yellow,yellow,1623953581.789664
concordant,none,,-1,green,green,1623953583.8027763
concordant,none,,-1,red,red,1623953585.8151479
concordant,none,,-1,green,green,1623953587.8290982
concordant,none,,-1,red,red,1623953589.8432195
concordant,none,,-1,green,green,1623953591.8554373
type,key,timestamp,time_delay,word_color,word_text,timestamp_stim
discordant,none,,-1,green,yellow,1623953673.5940402
discordant,none,,-1,red,green,1623953675.614933
discordant,none,,-1,green,red,1623953677.6322472
discordant,none,,-1,yellow,green,1623953679.649525
discordant,none,,-1,green,red,1623953681.6630328
discordant,none,,-1,yellow,green,1623953683.6763573
discordant,none,,-1,green,yellow,1623953685.6883533
discordant,none,,-1,yellow,green,1623953687.7012563
discordant,none,,-1,red,yellow,1623953689.7153008
discordant,none,,-1,green,red,1623953691.7307599
discordant,none,,-1,red,green,1623953693.7466207
discordant,none,,-1,green,red,1623953695.7601936
discordant,none,,-1,red,yellow,1623953697.7727435
discordant,none,,-1,yellow,red,1623953699.7862625
discordant,none,,-1,red,yellow,1623953701.7984164
discordant,none,,-1,green,red,1623953703.812411
discordant,none,,-1,yellow,green,1623953705.8264732
discordant,none,,-1,green,red,1623953707.8383253
discordant,none,,-1,yellow,green,1623953709.849678
discordant,none,,-1,green,yellow,1623953711.8629947
discordant,none,,-1,yellow,green,1623953713.878129
discordant,none,,-1,red,yellow,1623953715.8913448
discordant,none,,-1,green,red,1623953717.9034874
discordant,none,,-1,yellow,green,1623953719.916229
discordant,none,,-1,red,yellow,1623953721.9328582
