{
    "Markers": [
        {
            "endDatetime": "2021-06-15T14:11:31.062952-04:00",
            "extras": {
            },
            "index": 1,
            "label": "InletPort",
            "originalEndDatetime": "2021-06-15T14:11:31.062396-04:00",
            "originalStartDatetime": "2021-06-15T14:11:31.062396-04:00",
            "port": "InletPort",
            "startDatetime": "2021-06-15T14:11:31.062952-04:00",
            "type": "instance",
            "uuid": "b4f6da58-1b91-41b1-ae63-2443c0ce9dc7",
            "value": 90
        },
        {
            "endDatetime": "2021-06-15T14:11:31.422662-04:00",
            "extras": {
            },
            "index": 2,
            "label": "InletPort",
            "originalEndDatetime": "2021-06-15T14:11:31.422988-04:00",
            "originalStartDatetime": "2021-06-15T14:11:31.422988-04:00",
            "port": "InletPort",
            "startDatetime": "2021-06-15T14:11:31.422662-04:00",
            "type": "instance",
            "uuid": "25da0fb9-fdb0-4212-8483-52003e0e7630",
            "value": 70
        },
        {
            "endDatetime": "2021-06-15T14:11:36.446971-04:00",
            "extras": {
            },
            "index": 3,
            "label": "InletPort",
            "originalEndDatetime": "2021-06-15T14:11:36.446537-04:00",
            "originalStartDatetime": "2021-06-15T14:11:36.446537-04:00",
            "port": "InletPort",
            "startDatetime": "2021-06-15T14:11:36.446971-04:00",
            "type": "instance",
            "uuid": "23c0adac-2e7f-4f1c-944c-1a2baeb84ea0",
            "value": 72
        },
        {
            "endDatetime": "2021-06-15T14:11:36.571911-04:00",
            "extras": {
            },
            "index": 4,
            "label": "InletPort",
            "originalEndDatetime": "2021-06-15T14:11:36.572508-04:00",
            "originalStartDatetime": "2021-06-15T14:11:36.572508-04:00",
            "port": "InletPort",
            "startDatetime": "2021-06-15T14:11:36.571911-04:00",
            "type": "instance",
            "uuid": "60414fee-e606-40a2-a352-79f7a61b92dd",
            "value": 73
        },
        {
            "endDatetime": "2021-06-15T14:12:38.425002-04:00",
            "extras": {
            },
            "index": 5,
            "label": "InletPort",
            "originalEndDatetime": "2021-06-15T14:12:38.424223-04:00",
            "originalStartDatetime": "2021-06-15T14:12:38.424223-04:00",
            "port": "InletPort",
            "startDatetime": "2021-06-15T14:12:38.425002-04:00",
            "type": "instance",
            "uuid": "3923b9c5-2da3-4b70-ba37-d9d090e039f9",
            "value": 71
        },
        {
            "endDatetime": "2021-06-15T14:12:48.524640-04:00",
            "extras": {
            },
            "index": 6,
            "label": "InletPort",
            "originalEndDatetime": "2021-06-15T14:12:48.526017-04:00",
            "originalStartDatetime": "2021-06-15T14:12:48.526017-04:00",
            "port": "InletPort",
            "startDatetime": "2021-06-15T14:12:48.524640-04:00",
            "type": "instance",
            "uuid": "8c529a2f-afab-4ac9-974d-15710726f9f8",
            "value": 72
        },
        {
            "endDatetime": "2021-06-15T14:12:52.588861-04:00",
            "extras": {
            },
            "index": 7,
            "label": "InletPort",
            "originalEndDatetime": "2021-06-15T14:12:52.587863-04:00",
            "originalStartDatetime": "2021-06-15T14:12:52.587863-04:00",
            "port": "InletPort",
            "startDatetime": "2021-06-15T14:12:52.588861-04:00",
            "type": "instance",
            "uuid": "a27eb597-6bdf-4ec5-88b2-81537c9780e6",
            "value": 80
        },
        {
            "endDatetime": "2021-06-15T14:12:52.667048-04:00",
            "extras": {
            },
            "index": 8,
            "label": "InletPort",
            "originalEndDatetime": "2021-06-15T14:12:52.666321-04:00",
            "originalStartDatetime": "2021-06-15T14:12:52.666321-04:00",
            "port": "InletPort",
            "startDatetime": "2021-06-15T14:12:52.667048-04:00",
            "type": "instance",
            "uuid": "6782914f-9d8e-4990-8ff7-dbad0bde07c1",
            "value": 1
        },
        {
            "endDatetime": "2021-06-15T14:12:54.712624-04:00",
            "extras": {
            },
            "index": 9,
            "label": "InletPort",
            "originalEndDatetime": "2021-06-15T14:12:54.713635-04:00",
            "originalStartDatetime": "2021-06-15T14:12:54.713635-04:00",
            "port": "InletPort",
            "startDatetime": "2021-06-15T14:12:54.712624-04:00",
            "type": "instance",
            "uuid": "5e2eecde-ec96-4da1-ad39-5df9e60720b1",
            "value": 1
        },
        {
            "endDatetime": "2021-06-15T14:12:56.711548-04:00",
            "extras": {
            },
            "index": 10,
            "label": "InletPort",
            "originalEndDatetime": "2021-06-15T14:12:56.711033-04:00",
            "originalStartDatetime": "2021-06-15T14:12:56.711033-04:00",
            "port": "InletPort",
            "startDatetime": "2021-06-15T14:12:56.711548-04:00",
            "type": "instance",
            "uuid": "7badac3f-ed49-43b9-bca0-e941b2891997",
            "value": 1
        },
        {
            "endDatetime": "2021-06-15T14:12:58.714276-04:00",
            "extras": {
            },
            "index": 11,
            "label": "InletPort",
            "originalEndDatetime": "2021-06-15T14:12:58.715151-04:00",
            "originalStartDatetime": "2021-06-15T14:12:58.715151-04:00",
            "port": "InletPort",
            "startDatetime": "2021-06-15T14:12:58.714276-04:00",
            "type": "instance",
            "uuid": "c3313b17-a590-455b-a234-c2946b320ac1",
            "value": 1
        },
        {
            "endDatetime": "2021-06-15T14:13:00.744834-04:00",
            "extras": {
            },
            "index": 12,
            "label": "InletPort",
            "originalEndDatetime": "2021-06-15T14:13:00.745976-04:00",
            "originalStartDatetime": "2021-06-15T14:13:00.745976-04:00",
            "port": "InletPort",
            "startDatetime": "2021-06-15T14:13:00.744834-04:00",
            "type": "instance",
            "uuid": "c67b8ada-626f-428a-adac-9b029b08cbef",
            "value": 1
        },
        {
            "endDatetime": "2021-06-15T14:13:02.743659-04:00",
            "extras": {
            },
            "index": 13,
            "label": "InletPort",
            "originalEndDatetime": "2021-06-15T14:13:02.743449-04:00",
            "originalStartDatetime": "2021-06-15T14:13:02.743449-04:00",
            "port": "InletPort",
            "startDatetime": "2021-06-15T14:13:02.743659-04:00",
            "type": "instance",
            "uuid": "f520f6cb-20a9-40ae-ad45-42a4671ae2f3",
            "value": 1
        },
        {
            "endDatetime": "2021-06-15T14:13:04.750591-04:00",
            "extras": {
            },
            "index": 14,
            "label": "InletPort",
            "originalEndDatetime": "2021-06-15T14:13:04.751148-04:00",
            "originalStartDatetime": "2021-06-15T14:13:04.751148-04:00",
            "port": "InletPort",
            "startDatetime": "2021-06-15T14:13:04.750591-04:00",
            "type": "instance",
            "uuid": "9ea44360-b80a-46c7-8a2d-2bfbc1b4fe3c",
            "value": 1
        },
        {
            "endDatetime": "2021-06-15T14:13:06.776247-04:00",
            "extras": {
            },
            "index": 15,
            "label": "InletPort",
            "originalEndDatetime": "2021-06-15T14:13:06.774516-04:00",
            "originalStartDatetime": "2021-06-15T14:13:06.774516-04:00",
            "port": "InletPort",
            "startDatetime": "2021-06-15T14:13:06.776247-04:00",
            "type": "instance",
            "uuid": "5649adf7-bcdf-4e0b-867f-b6d386919266",
            "value": 1
        },
        {
            "endDatetime": "2021-06-15T14:13:08.798097-04:00",
            "extras": {
            },
            "index": 16,
            "label": "InletPort",
            "originalEndDatetime": "2021-06-15T14:13:08.796485-04:00",
            "originalStartDatetime": "2021-06-15T14:13:08.796485-04:00",
            "port": "InletPort",
            "startDatetime": "2021-06-15T14:13:08.798097-04:00",
            "type": "instance",
            "uuid": "cc439abd-ad86-4f7b-971c-6cd986e4dcd9",
            "value": 1
        },
        {
            "endDatetime": "2021-06-15T14:13:10.793416-04:00",
            "extras": {
            },
            "index": 17,
            "label": "InletPort",
            "originalEndDatetime": "2021-06-15T14:13:10.794978-04:00",
            "originalStartDatetime": "2021-06-15T14:13:10.794978-04:00",
            "port": "InletPort",
            "startDatetime": "2021-06-15T14:13:10.793416-04:00",
            "type": "instance",
            "uuid": "73abf20b-41da-4a97-ac70-96814b410c21",
            "value": 1
        },
        {
            "endDatetime": "2021-06-15T14:13:12.796842-04:00",
            "extras": {
            },
            "index": 18,
            "label": "InletPort",
            "originalEndDatetime": "2021-06-15T14:13:12.798288-04:00",
            "originalStartDatetime": "2021-06-15T14:13:12.798288-04:00",
            "port": "InletPort",
            "startDatetime": "2021-06-15T14:13:12.796842-04:00",
            "type": "instance",
            "uuid": "a8fb445a-5050-427f-b809-d962ac41a777",
            "value": 1
        },
        {
            "endDatetime": "2021-06-15T14:13:14.822597-04:00",
            "extras": {
            },
            "index": 19,
            "label": "InletPort",
            "originalEndDatetime": "2021-06-15T14:13:14.822210-04:00",
            "originalStartDatetime": "2021-06-15T14:13:14.822210-04:00",
            "port": "InletPort",
            "startDatetime": "2021-06-15T14:13:14.822597-04:00",
            "type": "instance",
            "uuid": "27a93b8b-fc2d-4877-b052-bdfea511f97a",
            "value": 1
        },
        {
            "endDatetime": "2021-06-15T14:13:16.821620-04:00",
            "extras": {
            },
            "index": 20,
            "label": "InletPort",
            "originalEndDatetime": "2021-06-15T14:13:16.822141-04:00",
            "originalStartDatetime": "2021-06-15T14:13:16.822141-04:00",
            "port": "InletPort",
            "startDatetime": "2021-06-15T14:13:16.821620-04:00",
            "type": "instance",
            "uuid": "833fb44c-adf7-4a8f-adff-240a8df52dfa",
            "value": 1
        },
        {
            "endDatetime": "2021-06-15T14:13:18.852279-04:00",
            "extras": {
            },
            "index": 21,
            "label": "InletPort",
            "originalEndDatetime": "2021-06-15T14:13:18.852844-04:00",
            "originalStartDatetime": "2021-06-15T14:13:18.852844-04:00",
            "port": "InletPort",
            "startDatetime": "2021-06-15T14:13:18.852279-04:00",
            "type": "instance",
            "uuid": "ec530263-b3eb-4711-b4b9-0e25aab54dd8",
            "value": 1
        },
        {
            "endDatetime": "2021-06-15T14:13:20.850304-04:00",
            "extras": {
            },
            "index": 22,
            "label": "InletPort",
            "originalEndDatetime": "2021-06-15T14:13:20.852217-04:00",
            "originalStartDatetime": "2021-06-15T14:13:20.852217-04:00",
            "port": "InletPort",
            "startDatetime": "2021-06-15T14:13:20.850304-04:00",
            "type": "instance",
            "uuid": "5004e86e-c8e2-4691-85d5-00d6fa8239fc",
            "value": 1
        },
        {
            "endDatetime": "2021-06-15T14:13:22.860941-04:00",
            "extras": {
            },
            "index": 23,
            "label": "InletPort",
            "originalEndDatetime": "2021-06-15T14:13:22.860725-04:00",
            "originalStartDatetime": "2021-06-15T14:13:22.860725-04:00",
            "port": "InletPort",
            "startDatetime": "2021-06-15T14:13:22.860941-04:00",
            "type": "instance",
            "uuid": "b58de6b8-f441-44ae-b682-3b9754c39c8a",
            "value": 1
        },
        {
            "endDatetime": "2021-06-15T14:13:24.883690-04:00",
            "extras": {
            },
            "index": 24,
            "label": "InletPort",
            "originalEndDatetime": "2021-06-15T14:13:24.885269-04:00",
            "originalStartDatetime": "2021-06-15T14:13:24.885269-04:00",
            "port": "InletPort",
            "startDatetime": "2021-06-15T14:13:24.883690-04:00",
            "type": "instance",
            "uuid": "78b86414-7201-418a-a864-d23270e2530c",
            "value": 1
        },
        {
            "endDatetime": "2021-06-15T14:13:26.906039-04:00",
            "extras": {
            },
            "index": 25,
            "label": "InletPort",
            "originalEndDatetime": "2021-06-15T14:13:26.907377-04:00",
            "originalStartDatetime": "2021-06-15T14:13:26.907377-04:00",
            "port": "InletPort",
            "startDatetime": "2021-06-15T14:13:26.906039-04:00",
            "type": "instance",
            "uuid": "e850dc15-c80f-4df7-b897-e3df03690440",
            "value": 1
        },
        {
            "endDatetime": "2021-06-15T14:13:28.893150-04:00",
            "extras": {
            },
            "index": 26,
            "label": "InletPort",
            "originalEndDatetime": "2021-06-15T14:13:28.894192-04:00",
            "originalStartDatetime": "2021-06-15T14:13:28.894192-04:00",
            "port": "InletPort",
            "startDatetime": "2021-06-15T14:13:28.893150-04:00",
            "type": "instance",
            "uuid": "80baea8d-f05f-4aa9-8371-9bbcb0ae92a5",
            "value": 1
        },
        {
            "endDatetime": "2021-06-15T14:13:30.915400-04:00",
            "extras": {
            },
            "index": 27,
            "label": "InletPort",
            "originalEndDatetime": "2021-06-15T14:13:30.915899-04:00",
            "originalStartDatetime": "2021-06-15T14:13:30.915899-04:00",
            "port": "InletPort",
            "startDatetime": "2021-06-15T14:13:30.915400-04:00",
            "type": "instance",
            "uuid": "80d02750-3748-456b-abf8-402453222e60",
            "value": 1
        },
        {
            "endDatetime": "2021-06-15T14:13:32.937949-04:00",
            "extras": {
            },
            "index": 28,
            "label": "InletPort",
            "originalEndDatetime": "2021-06-15T14:13:32.937088-04:00",
            "originalStartDatetime": "2021-06-15T14:13:32.937088-04:00",
            "port": "InletPort",
            "startDatetime": "2021-06-15T14:13:32.937949-04:00",
            "type": "instance",
            "uuid": "e80571b4-0b54-41db-8497-35d8a475e930",
            "value": 1
        },
        {
            "endDatetime": "2021-06-15T14:13:34.936573-04:00",
            "extras": {
            },
            "index": 29,
            "label": "InletPort",
            "originalEndDatetime": "2021-06-15T14:13:34.935146-04:00",
            "originalStartDatetime": "2021-06-15T14:13:34.935146-04:00",
            "port": "InletPort",
            "startDatetime": "2021-06-15T14:13:34.936573-04:00",
            "type": "instance",
            "uuid": "e14dc1e0-b2fc-415a-9d04-97ad46b53210",
            "value": 1
        },
        {
            "endDatetime": "2021-06-15T14:13:36.963027-04:00",
            "extras": {
            },
            "index": 30,
            "label": "InletPort",
            "originalEndDatetime": "2021-06-15T14:13:36.963027-04:00",
            "originalStartDatetime": "2021-06-15T14:13:36.963027-04:00",
            "port": "InletPort",
            "startDatetime": "2021-06-15T14:13:36.963027-04:00",
            "type": "instance",
            "uuid": "b196116c-031f-493f-87cc-bb66d990bc01",
            "value": 1
        },
        {
            "endDatetime": "2021-06-15T14:13:38.973864-04:00",
            "extras": {
            },
            "index": 31,
            "label": "InletPort",
            "originalEndDatetime": "2021-06-15T14:13:38.973072-04:00",
            "originalStartDatetime": "2021-06-15T14:13:38.973072-04:00",
            "port": "InletPort",
            "startDatetime": "2021-06-15T14:13:38.973864-04:00",
            "type": "instance",
            "uuid": "1ba0c573-5b52-433e-8665-3eeb1cd75e1f",
            "value": 1
        },
        {
            "endDatetime": "2021-06-15T14:13:40.960875-04:00",
            "extras": {
            },
            "index": 32,
            "label": "InletPort",
            "originalEndDatetime": "2021-06-15T14:13:40.961993-04:00",
            "originalStartDatetime": "2021-06-15T14:13:40.961993-04:00",
            "port": "InletPort",
            "startDatetime": "2021-06-15T14:13:40.960875-04:00",
            "type": "instance",
            "uuid": "aed68afd-c047-47b7-9caa-56c7f386b4be",
            "value": 1
        },
        {
            "endDatetime": "2021-06-15T14:13:42.995037-04:00",
            "extras": {
            },
            "index": 33,
            "label": "InletPort",
            "originalEndDatetime": "2021-06-15T14:13:42.993363-04:00",
            "originalStartDatetime": "2021-06-15T14:13:42.993363-04:00",
            "port": "InletPort",
            "startDatetime": "2021-06-15T14:13:42.995037-04:00",
            "type": "instance",
            "uuid": "5227c41d-9c9d-46d5-b272-ef1057d4f6d8",
            "value": 70
        },
        {
            "endDatetime": "2021-06-15T14:13:48.030740-04:00",
            "extras": {
            },
            "index": 34,
            "label": "InletPort",
            "originalEndDatetime": "2021-06-15T14:13:48.030931-04:00",
            "originalStartDatetime": "2021-06-15T14:13:48.030931-04:00",
            "port": "InletPort",
            "startDatetime": "2021-06-15T14:13:48.030740-04:00",
            "type": "instance",
            "uuid": "ddb75765-a3bf-4d70-898f-d5f9e333810c",
            "value": 72
        },
        {
            "endDatetime": "2021-06-15T14:13:48.054266-04:00",
            "extras": {
            },
            "index": 35,
            "label": "InletPort",
            "originalEndDatetime": "2021-06-15T14:13:48.054721-04:00",
            "originalStartDatetime": "2021-06-15T14:13:48.054721-04:00",
            "port": "InletPort",
            "startDatetime": "2021-06-15T14:13:48.054266-04:00",
            "type": "instance",
            "uuid": "533659a9-f9b3-4590-90ff-03fd0b5bc3c0",
            "value": 73
        },
        {
            "endDatetime": "2021-06-15T14:14:49.774013-04:00",
            "extras": {
            },
            "index": 36,
            "label": "InletPort",
            "originalEndDatetime": "2021-06-15T14:14:49.775607-04:00",
            "originalStartDatetime": "2021-06-15T14:14:49.775607-04:00",
            "port": "InletPort",
            "startDatetime": "2021-06-15T14:14:49.774013-04:00",
            "type": "instance",
            "uuid": "3e27fedb-74eb-410c-8fae-268e3d2721d0",
            "value": 71
        },
        {
            "endDatetime": "2021-06-15T14:14:59.894065-04:00",
            "extras": {
            },
            "index": 37,
            "label": "InletPort",
            "originalEndDatetime": "2021-06-15T14:14:59.893128-04:00",
            "originalStartDatetime": "2021-06-15T14:14:59.893128-04:00",
            "port": "InletPort",
            "startDatetime": "2021-06-15T14:14:59.894065-04:00",
            "type": "instance",
            "uuid": "22e96cca-e5ab-4435-bada-03f679ad2ad8",
            "value": 72
        },
        {
            "endDatetime": "2021-06-15T14:15:03.887607-04:00",
            "extras": {
            },
            "index": 38,
            "label": "InletPort",
            "originalEndDatetime": "2021-06-15T14:15:03.885754-04:00",
            "originalStartDatetime": "2021-06-15T14:15:03.885754-04:00",
            "port": "InletPort",
            "startDatetime": "2021-06-15T14:15:03.887607-04:00",
            "type": "instance",
            "uuid": "03456045-94b1-43bc-a570-a46b20cd88bf",
            "value": 80
        },
        {
            "endDatetime": "2021-06-15T14:15:03.946372-04:00",
            "extras": {
            },
            "index": 39,
            "label": "InletPort",
            "originalEndDatetime": "2021-06-15T14:15:03.947424-04:00",
            "originalStartDatetime": "2021-06-15T14:15:03.947424-04:00",
            "port": "InletPort",
            "startDatetime": "2021-06-15T14:15:03.946372-04:00",
            "type": "instance",
            "uuid": "530f169b-993c-4dab-b574-53b127311af1",
            "value": 2
        },
        {
            "endDatetime": "2021-06-15T14:15:05.980234-04:00",
            "extras": {
            },
            "index": 40,
            "label": "InletPort",
            "originalEndDatetime": "2021-06-15T14:15:05.981411-04:00",
            "originalStartDatetime": "2021-06-15T14:15:05.981411-04:00",
            "port": "InletPort",
            "startDatetime": "2021-06-15T14:15:05.980234-04:00",
            "type": "instance",
            "uuid": "000bc768-c8e8-48fd-ba32-a6535fd6cec7",
            "value": 2
        },
        {
            "endDatetime": "2021-06-15T14:15:07.979656-04:00",
            "extras": {
            },
            "index": 41,
            "label": "InletPort",
            "originalEndDatetime": "2021-06-15T14:15:07.979288-04:00",
            "originalStartDatetime": "2021-06-15T14:15:07.979288-04:00",
            "port": "InletPort",
            "startDatetime": "2021-06-15T14:15:07.979656-04:00",
            "type": "instance",
            "uuid": "164df01b-f21e-4b80-a60d-f236980272f3",
            "value": 2
        },
        {
            "endDatetime": "2021-06-15T14:15:09.994095-04:00",
            "extras": {
            },
            "index": 42,
            "label": "InletPort",
            "originalEndDatetime": "2021-06-15T14:15:09.994146-04:00",
            "originalStartDatetime": "2021-06-15T14:15:09.994146-04:00",
            "port": "InletPort",
            "startDatetime": "2021-06-15T14:15:09.994095-04:00",
            "type": "instance",
            "uuid": "1d8ff788-dfcd-463d-bd5d-59f79639bcc2",
            "value": 2
        },
        {
            "endDatetime": "2021-06-15T14:15:12.028057-04:00",
            "extras": {
            },
            "index": 43,
            "label": "InletPort",
            "originalEndDatetime": "2021-06-15T14:15:12.028424-04:00",
            "originalStartDatetime": "2021-06-15T14:15:12.028424-04:00",
            "port": "InletPort",
            "startDatetime": "2021-06-15T14:15:12.028057-04:00",
            "type": "instance",
            "uuid": "88279f1e-6505-4756-bc7c-e15773b675a4",
            "value": 2
        },
        {
            "endDatetime": "2021-06-15T14:15:14.042398-04:00",
            "extras": {
            },
            "index": 44,
            "label": "InletPort",
            "originalEndDatetime": "2021-06-15T14:15:14.043992-04:00",
            "originalStartDatetime": "2021-06-15T14:15:14.043992-04:00",
            "port": "InletPort",
            "startDatetime": "2021-06-15T14:15:14.042398-04:00",
            "type": "instance",
            "uuid": "84c66597-1a4b-4f60-94e1-587be90e2e1f",
            "value": 2
        },
        {
            "endDatetime": "2021-06-15T14:15:16.041818-04:00",
            "extras": {
            },
            "index": 45,
            "label": "InletPort",
            "originalEndDatetime": "2021-06-15T14:15:16.043108-04:00",
            "originalStartDatetime": "2021-06-15T14:15:16.043108-04:00",
            "port": "InletPort",
            "startDatetime": "2021-06-15T14:15:16.041818-04:00",
            "type": "instance",
            "uuid": "af37f123-f534-4f36-8a62-1d9ad8511bfd",
            "value": 2
        },
        {
            "endDatetime": "2021-06-15T14:15:18.083289-04:00",
            "extras": {
            },
            "index": 46,
            "label": "InletPort",
            "originalEndDatetime": "2021-06-15T14:15:18.083915-04:00",
            "originalStartDatetime": "2021-06-15T14:15:18.083915-04:00",
            "port": "InletPort",
            "startDatetime": "2021-06-15T14:15:18.083289-04:00",
            "type": "instance",
            "uuid": "f8341245-b0eb-4dbf-bd54-9fc00f23bc88",
            "value": 2
        },
        {
            "endDatetime": "2021-06-15T14:15:20.074201-04:00",
            "extras": {
            },
            "index": 47,
            "label": "InletPort",
            "originalEndDatetime": "2021-06-15T14:15:20.074229-04:00",
            "originalStartDatetime": "2021-06-15T14:15:20.074229-04:00",
            "port": "InletPort",
            "startDatetime": "2021-06-15T14:15:20.074201-04:00",
            "type": "instance",
            "uuid": "29e4c64d-0543-4705-9da0-5a3837a4c0ae",
            "value": 2
        },
        {
            "endDatetime": "2021-06-15T14:15:22.108559-04:00",
            "extras": {
            },
            "index": 48,
            "label": "InletPort",
            "originalEndDatetime": "2021-06-15T14:15:22.109393-04:00",
            "originalStartDatetime": "2021-06-15T14:15:22.109393-04:00",
            "port": "InletPort",
            "startDatetime": "2021-06-15T14:15:22.108559-04:00",
            "type": "instance",
            "uuid": "ad841c78-222e-4b01-89b5-a42330b10493",
            "value": 2
        },
        {
            "endDatetime": "2021-06-15T14:15:24.107381-04:00",
            "extras": {
            },
            "index": 49,
            "label": "InletPort",
            "originalEndDatetime": "2021-06-15T14:15:24.106284-04:00",
            "originalStartDatetime": "2021-06-15T14:15:24.106284-04:00",
            "port": "InletPort",
            "startDatetime": "2021-06-15T14:15:24.107381-04:00",
            "type": "instance",
            "uuid": "f7d9b182-bfe8-41a4-a118-ab6b0fd9cb31",
            "value": 2
        },
        {
            "endDatetime": "2021-06-15T14:15:26.114409-04:00",
            "extras": {
            },
            "index": 50,
            "label": "InletPort",
            "originalEndDatetime": "2021-06-15T14:15:26.115149-04:00",
            "originalStartDatetime": "2021-06-15T14:15:26.115149-04:00",
            "port": "InletPort",
            "startDatetime": "2021-06-15T14:15:26.114409-04:00",
            "type": "instance",
            "uuid": "28bdc962-49ec-4465-afca-acdac2f46a6e",
            "value": 2
        },
        {
            "endDatetime": "2021-06-15T14:15:28.140158-04:00",
            "extras": {
            },
            "index": 51,
            "label": "InletPort",
            "originalEndDatetime": "2021-06-15T14:15:28.138841-04:00",
            "originalStartDatetime": "2021-06-15T14:15:28.138841-04:00",
            "port": "InletPort",
            "startDatetime": "2021-06-15T14:15:28.140158-04:00",
            "type": "instance",
            "uuid": "e0be4889-f5a8-4a75-99e7-8aaa96a4a743",
            "value": 2
        },
        {
            "endDatetime": "2021-06-15T14:15:30.154794-04:00",
            "extras": {
            },
            "index": 52,
            "label": "InletPort",
            "originalEndDatetime": "2021-06-15T14:15:30.155857-04:00",
            "originalStartDatetime": "2021-06-15T14:15:30.155857-04:00",
            "port": "InletPort",
            "startDatetime": "2021-06-15T14:15:30.154794-04:00",
            "type": "instance",
            "uuid": "a454051e-08ea-4c5c-9548-16adede4f04e",
            "value": 2
        },
        {
            "endDatetime": "2021-06-15T14:15:32.153411-04:00",
            "extras": {
            },
            "index": 53,
            "label": "InletPort",
            "originalEndDatetime": "2021-06-15T14:15:32.155167-04:00",
            "originalStartDatetime": "2021-06-15T14:15:32.155167-04:00",
            "port": "InletPort",
            "startDatetime": "2021-06-15T14:15:32.153411-04:00",
            "type": "instance",
            "uuid": "d65037d4-0fd2-4c1a-8938-609dc7c7aa2a",
            "value": 2
        },
        {
            "endDatetime": "2021-06-15T14:15:34.152430-04:00",
            "extras": {
            },
            "index": 54,
            "label": "InletPort",
            "originalEndDatetime": "2021-06-15T14:15:34.151353-04:00",
            "originalStartDatetime": "2021-06-15T14:15:34.151353-04:00",
            "port": "InletPort",
            "startDatetime": "2021-06-15T14:15:34.152430-04:00",
            "type": "instance",
            "uuid": "eb457056-9a8e-443c-a3fd-1f4bba4b87cb",
            "value": 2
        },
        {
            "endDatetime": "2021-06-15T14:15:36.178879-04:00",
            "extras": {
            },
            "index": 55,
            "label": "InletPort",
            "originalEndDatetime": "2021-06-15T14:15:36.180310-04:00",
            "originalStartDatetime": "2021-06-15T14:15:36.180310-04:00",
            "port": "InletPort",
            "startDatetime": "2021-06-15T14:15:36.178879-04:00",
            "type": "instance",
            "uuid": "858d8cd4-8586-4dc6-9433-3a19d69ad3d6",
            "value": 2
        },
        {
            "endDatetime": "2021-06-15T14:15:38.185306-04:00",
            "extras": {
            },
            "index": 56,
            "label": "InletPort",
            "originalEndDatetime": "2021-06-15T14:15:38.184232-04:00",
            "originalStartDatetime": "2021-06-15T14:15:38.184232-04:00",
            "port": "InletPort",
            "startDatetime": "2021-06-15T14:15:38.185306-04:00",
            "type": "instance",
            "uuid": "4505a4eb-b2c9-4de7-a8b5-29e4101996e1",
            "value": 2
        },
        {
            "endDatetime": "2021-06-15T14:15:40.219161-04:00",
            "extras": {
            },
            "index": 57,
            "label": "InletPort",
            "originalEndDatetime": "2021-06-15T14:15:40.217422-04:00",
            "originalStartDatetime": "2021-06-15T14:15:40.217422-04:00",
            "port": "InletPort",
            "startDatetime": "2021-06-15T14:15:40.219161-04:00",
            "type": "instance",
            "uuid": "a927fcbc-a33d-491a-963d-85e038917ab2",
            "value": 2
        },
        {
            "endDatetime": "2021-06-15T14:15:42.218375-04:00",
            "extras": {
            },
            "index": 58,
            "label": "InletPort",
            "originalEndDatetime": "2021-06-15T14:15:42.218852-04:00",
            "originalStartDatetime": "2021-06-15T14:15:42.218852-04:00",
            "port": "InletPort",
            "startDatetime": "2021-06-15T14:15:42.218375-04:00",
            "type": "instance",
            "uuid": "eace8b04-7292-4f0f-be55-7adb0822f9d2",
            "value": 2
        },
        {
            "endDatetime": "2021-06-15T14:15:44.212982-04:00",
            "extras": {
            },
            "index": 59,
            "label": "InletPort",
            "originalEndDatetime": "2021-06-15T14:15:44.212460-04:00",
            "originalStartDatetime": "2021-06-15T14:15:44.212460-04:00",
            "port": "InletPort",
            "startDatetime": "2021-06-15T14:15:44.212982-04:00",
            "type": "instance",
            "uuid": "92302c74-d0da-4987-a4ec-654a861ea1ef",
            "value": 2
        },
        {
            "endDatetime": "2021-06-15T14:15:46.243823-04:00",
            "extras": {
            },
            "index": 60,
            "label": "InletPort",
            "originalEndDatetime": "2021-06-15T14:15:46.245753-04:00",
            "originalStartDatetime": "2021-06-15T14:15:46.245753-04:00",
            "port": "InletPort",
            "startDatetime": "2021-06-15T14:15:46.243823-04:00",
            "type": "instance",
            "uuid": "d685c2a4-c2e1-4de3-b3aa-7613efacd835",
            "value": 2
        },
        {
            "endDatetime": "2021-06-15T14:15:48.242234-04:00",
            "extras": {
            },
            "index": 61,
            "label": "InletPort",
            "originalEndDatetime": "2021-06-15T14:15:48.243006-04:00",
            "originalStartDatetime": "2021-06-15T14:15:48.243006-04:00",
            "port": "InletPort",
            "startDatetime": "2021-06-15T14:15:48.242234-04:00",
            "type": "instance",
            "uuid": "11415405-620b-423e-8081-72cb8cf78109",
            "value": 2
        },
        {
            "endDatetime": "2021-06-15T14:15:50.280291-04:00",
            "extras": {
            },
            "index": 62,
            "label": "InletPort",
            "originalEndDatetime": "2021-06-15T14:15:50.281056-04:00",
            "originalStartDatetime": "2021-06-15T14:15:50.281056-04:00",
            "port": "InletPort",
            "startDatetime": "2021-06-15T14:15:50.280291-04:00",
            "type": "instance",
            "uuid": "5a7de62d-c6f8-44bb-8a92-3feba8585dd7",
            "value": 2
        },
        {
            "endDatetime": "2021-06-15T14:15:52.275394-04:00",
            "extras": {
            },
            "index": 63,
            "label": "InletPort",
            "originalEndDatetime": "2021-06-15T14:15:52.275960-04:00",
            "originalStartDatetime": "2021-06-15T14:15:52.275960-04:00",
            "port": "InletPort",
            "startDatetime": "2021-06-15T14:15:52.275394-04:00",
            "type": "instance",
            "uuid": "669e0fee-ecb2-4ca8-9d12-7312f10fa07f",
            "value": 2
        },
        {
            "endDatetime": "2021-06-15T14:15:54.282414-04:00",
            "extras": {
            },
            "index": 64,
            "label": "InletPort",
            "originalEndDatetime": "2021-06-15T14:15:54.280676-04:00",
            "originalStartDatetime": "2021-06-15T14:15:54.280676-04:00",
            "port": "InletPort",
            "startDatetime": "2021-06-15T14:15:54.282414-04:00",
            "type": "instance",
            "uuid": "287eb418-1375-42ed-929c-7bc94c4e5164",
            "value": 72
        },
        {
            "endDatetime": "2021-06-15T14:15:54.344683-04:00",
            "extras": {
            },
            "index": 65,
            "label": "InletPort",
            "originalEndDatetime": "2021-06-15T14:15:54.344062-04:00",
            "originalStartDatetime": "2021-06-15T14:15:54.344062-04:00",
            "port": "InletPort",
            "startDatetime": "2021-06-15T14:15:54.344683-04:00",
            "type": "instance",
            "uuid": "3543b645-74ec-48e0-8fe1-43f22cd14ae6",
            "value": 73
        },
        {
            "endDatetime": "2021-06-15T14:16:56.056933-04:00",
            "extras": {
            },
            "index": 66,
            "label": "InletPort",
            "originalEndDatetime": "2021-06-15T14:16:56.057028-04:00",
            "originalStartDatetime": "2021-06-15T14:16:56.057028-04:00",
            "port": "InletPort",
            "startDatetime": "2021-06-15T14:16:56.056933-04:00",
            "type": "instance",
            "uuid": "d261d9b0-133a-4ca3-aacb-166aad2392f2",
            "value": 71
        },
        {
            "endDatetime": "2021-06-15T14:17:06.148932-04:00",
            "extras": {
            },
            "index": 67,
            "label": "InletPort",
            "originalEndDatetime": "2021-06-15T14:17:06.149673-04:00",
            "originalStartDatetime": "2021-06-15T14:17:06.149673-04:00",
            "port": "InletPort",
            "startDatetime": "2021-06-15T14:17:06.148932-04:00",
            "type": "instance",
            "uuid": "00ad4093-e496-4747-9e95-17fbdd2d980c",
            "value": 72
        },
        {
            "endDatetime": "2021-06-15T14:17:10.162359-04:00",
            "extras": {
            },
            "index": 68,
            "label": "InletPort",
            "originalEndDatetime": "2021-06-15T14:17:10.161280-04:00",
            "originalStartDatetime": "2021-06-15T14:17:10.161280-04:00",
            "port": "InletPort",
            "startDatetime": "2021-06-15T14:17:10.162359-04:00",
            "type": "instance",
            "uuid": "d0422f13-b33f-4b2e-8167-3ca1f47a5292",
            "value": 80
        },
        {
            "endDatetime": "2021-06-15T14:17:10.162359-04:00",
            "extras": {
            },
            "index": 69,
            "label": "InletPort",
            "originalEndDatetime": "2021-06-15T14:17:10.161280-04:00",
            "originalStartDatetime": "2021-06-15T14:17:10.161280-04:00",
            "port": "InletPort",
            "startDatetime": "2021-06-15T14:17:10.162359-04:00",
            "type": "instance",
            "uuid": "731a0f26-d8a8-45fc-9178-666585d2b22a",
            "value": 1
        },
        {
            "endDatetime": "2021-06-15T14:17:12.149593-04:00",
            "extras": {
            },
            "index": 70,
            "label": "InletPort",
            "originalEndDatetime": "2021-06-15T14:17:12.151290-04:00",
            "originalStartDatetime": "2021-06-15T14:17:12.151290-04:00",
            "port": "InletPort",
            "startDatetime": "2021-06-15T14:17:12.149593-04:00",
            "type": "instance",
            "uuid": "e6a492e6-d976-4ed1-8b2c-5ad788607c40",
            "value": 1
        },
        {
            "endDatetime": "2021-06-15T14:17:14.167651-04:00",
            "extras": {
            },
            "index": 71,
            "label": "InletPort",
            "originalEndDatetime": "2021-06-15T14:17:14.166456-04:00",
            "originalStartDatetime": "2021-06-15T14:17:14.166456-04:00",
            "port": "InletPort",
            "startDatetime": "2021-06-15T14:17:14.167651-04:00",
            "type": "instance",
            "uuid": "15c7922e-51c9-46c8-9fc5-a8f9ea6e9a86",
            "value": 1
        },
        {
            "endDatetime": "2021-06-15T14:17:16.201934-04:00",
            "extras": {
            },
            "index": 72,
            "label": "InletPort",
            "originalEndDatetime": "2021-06-15T14:17:16.201969-04:00",
            "originalStartDatetime": "2021-06-15T14:17:16.201969-04:00",
            "port": "InletPort",
            "startDatetime": "2021-06-15T14:17:16.201934-04:00",
            "type": "instance",
            "uuid": "e2e53d51-444d-414d-9cb5-900ee6f015b9",
            "value": 1
        },
        {
            "endDatetime": "2021-06-15T14:17:18.220593-04:00",
            "extras": {
            },
            "index": 73,
            "label": "InletPort",
            "originalEndDatetime": "2021-06-15T14:17:18.222303-04:00",
            "originalStartDatetime": "2021-06-15T14:17:18.222303-04:00",
            "port": "InletPort",
            "startDatetime": "2021-06-15T14:17:18.220593-04:00",
            "type": "instance",
            "uuid": "2f0b9925-b336-4fe9-be74-a2ba01cc7e3d",
            "value": 1
        },
        {
            "endDatetime": "2021-06-15T14:17:20.215530-04:00",
            "extras": {
            },
            "index": 74,
            "label": "InletPort",
            "originalEndDatetime": "2021-06-15T14:17:20.215881-04:00",
            "originalStartDatetime": "2021-06-15T14:17:20.215881-04:00",
            "port": "InletPort",
            "startDatetime": "2021-06-15T14:17:20.215530-04:00",
            "type": "instance",
            "uuid": "8d46aa80-735c-4fbb-8130-93a59aff6a21",
            "value": 1
        },
        {
            "endDatetime": "2021-06-15T14:17:22.214469-04:00",
            "extras": {
            },
            "index": 75,
            "label": "InletPort",
            "originalEndDatetime": "2021-06-15T14:17:22.216072-04:00",
            "originalStartDatetime": "2021-06-15T14:17:22.216072-04:00",
            "port": "InletPort",
            "startDatetime": "2021-06-15T14:17:22.214469-04:00",
            "type": "instance",
            "uuid": "88c56eb3-f094-4398-93b0-dbea60760cce",
            "value": 1
        },
        {
            "endDatetime": "2021-06-15T14:17:24.244239-04:00",
            "extras": {
            },
            "index": 76,
            "label": "InletPort",
            "originalEndDatetime": "2021-06-15T14:17:24.242826-04:00",
            "originalStartDatetime": "2021-06-15T14:17:24.242826-04:00",
            "port": "InletPort",
            "startDatetime": "2021-06-15T14:17:24.244239-04:00",
            "type": "instance",
            "uuid": "9ac9d5f2-1c18-4ec2-a485-5e165459f560",
            "value": 1
        },
        {
            "endDatetime": "2021-06-15T14:17:26.250878-04:00",
            "extras": {
            },
            "index": 77,
            "label": "InletPort",
            "originalEndDatetime": "2021-06-15T14:17:26.250012-04:00",
            "originalStartDatetime": "2021-06-15T14:17:26.250012-04:00",
            "port": "InletPort",
            "startDatetime": "2021-06-15T14:17:26.250878-04:00",
            "type": "instance",
            "uuid": "8d828e0e-39b6-4197-a8da-8fce534eb273",
            "value": 1
        },
        {
            "endDatetime": "2021-06-15T14:17:28.281247-04:00",
            "extras": {
            },
            "index": 78,
            "label": "InletPort",
            "originalEndDatetime": "2021-06-15T14:17:28.281312-04:00",
            "originalStartDatetime": "2021-06-15T14:17:28.281312-04:00",
            "port": "InletPort",
            "startDatetime": "2021-06-15T14:17:28.281247-04:00",
            "type": "instance",
            "uuid": "13609e8b-b370-4c7b-bd5d-671cac40e62e",
            "value": 1
        },
        {
            "endDatetime": "2021-06-15T14:17:30.276577-04:00",
            "extras": {
            },
            "index": 79,
            "label": "InletPort",
            "originalEndDatetime": "2021-06-15T14:17:30.275619-04:00",
            "originalStartDatetime": "2021-06-15T14:17:30.275619-04:00",
            "port": "InletPort",
            "startDatetime": "2021-06-15T14:17:30.276577-04:00",
            "type": "instance",
            "uuid": "5b9e8332-6922-412f-99c8-a5472440625e",
            "value": 1
        },
        {
            "endDatetime": "2021-06-15T14:17:32.278915-04:00",
            "extras": {
            },
            "index": 80,
            "label": "InletPort",
            "originalEndDatetime": "2021-06-15T14:17:32.279582-04:00",
            "originalStartDatetime": "2021-06-15T14:17:32.279582-04:00",
            "port": "InletPort",
            "startDatetime": "2021-06-15T14:17:32.278915-04:00",
            "type": "instance",
            "uuid": "291c0290-9191-4b60-b8de-a2c4ed9045b6",
            "value": 1
        },
        {
            "endDatetime": "2021-06-15T14:17:34.305071-04:00",
            "extras": {
            },
            "index": 81,
            "label": "InletPort",
            "originalEndDatetime": "2021-06-15T14:17:34.306239-04:00",
            "originalStartDatetime": "2021-06-15T14:17:34.306239-04:00",
            "port": "InletPort",
            "startDatetime": "2021-06-15T14:17:34.305071-04:00",
            "type": "instance",
            "uuid": "cc552338-019e-4654-b60e-e242a19b6038",
            "value": 1
        },
        {
            "endDatetime": "2021-06-15T14:17:36.308099-04:00",
            "extras": {
            },
            "index": 82,
            "label": "InletPort",
            "originalEndDatetime": "2021-06-15T14:17:36.307035-04:00",
            "originalStartDatetime": "2021-06-15T14:17:36.307035-04:00",
            "port": "InletPort",
            "startDatetime": "2021-06-15T14:17:36.308099-04:00",
            "type": "instance",
            "uuid": "9ba2c178-a683-45de-acf8-d6a746c21470",
            "value": 1
        },
        {
            "endDatetime": "2021-06-15T14:17:38.326750-04:00",
            "extras": {
            },
            "index": 83,
            "label": "InletPort",
            "originalEndDatetime": "2021-06-15T14:17:38.327250-04:00",
            "originalStartDatetime": "2021-06-15T14:17:38.327250-04:00",
            "port": "InletPort",
            "startDatetime": "2021-06-15T14:17:38.326750-04:00",
            "type": "instance",
            "uuid": "46369d98-74bb-4399-b7cf-7e7d7439026c",
            "value": 1
        },
        {
            "endDatetime": "2021-06-15T14:17:40.333289-04:00",
            "extras": {
            },
            "index": 84,
            "label": "InletPort",
            "originalEndDatetime": "2021-06-15T14:17:40.333444-04:00",
            "originalStartDatetime": "2021-06-15T14:17:40.333444-04:00",
            "port": "InletPort",
            "startDatetime": "2021-06-15T14:17:40.333289-04:00",
            "type": "instance",
            "uuid": "197789b3-80ac-421d-a99a-514c3e85db1d",
            "value": 1
        },
        {
            "endDatetime": "2021-06-15T14:17:42.324611-04:00",
            "extras": {
            },
            "index": 85,
            "label": "InletPort",
            "originalEndDatetime": "2021-06-15T14:17:42.325465-04:00",
            "originalStartDatetime": "2021-06-15T14:17:42.325465-04:00",
            "port": "InletPort",
            "startDatetime": "2021-06-15T14:17:42.324611-04:00",
            "type": "instance",
            "uuid": "b6356ff2-9cdf-4af5-95e5-7ea7f807d17f",
            "value": 1
        },
        {
            "endDatetime": "2021-06-15T14:17:44.354263-04:00",
            "extras": {
            },
            "index": 86,
            "label": "InletPort",
            "originalEndDatetime": "2021-06-15T14:17:44.352999-04:00",
            "originalStartDatetime": "2021-06-15T14:17:44.352999-04:00",
            "port": "InletPort",
            "startDatetime": "2021-06-15T14:17:44.354263-04:00",
            "type": "instance",
            "uuid": "2291ff4c-38d8-4815-a096-e01f97d633d5",
            "value": 1
        },
        {
            "endDatetime": "2021-06-15T14:17:46.361296-04:00",
            "extras": {
            },
            "index": 87,
            "label": "InletPort",
            "originalEndDatetime": "2021-06-15T14:17:46.361059-04:00",
            "originalStartDatetime": "2021-06-15T14:17:46.361059-04:00",
            "port": "InletPort",
            "startDatetime": "2021-06-15T14:17:46.361296-04:00",
            "type": "instance",
            "uuid": "d77265a6-8fd6-44b8-a928-440dfe876ee8",
            "value": 1
        },
        {
            "endDatetime": "2021-06-15T14:17:48.360122-04:00",
            "extras": {
            },
            "index": 88,
            "label": "InletPort",
            "originalEndDatetime": "2021-06-15T14:17:48.359362-04:00",
            "originalStartDatetime": "2021-06-15T14:17:48.359362-04:00",
            "port": "InletPort",
            "startDatetime": "2021-06-15T14:17:48.360122-04:00",
            "type": "instance",
            "uuid": "4e6789ae-25b9-40d4-93b0-68cbd6083e5c",
            "value": 1
        },
        {
            "endDatetime": "2021-06-15T14:17:50.374263-04:00",
            "extras": {
            },
            "index": 89,
            "label": "InletPort",
            "originalEndDatetime": "2021-06-15T14:17:50.374989-04:00",
            "originalStartDatetime": "2021-06-15T14:17:50.374989-04:00",
            "port": "InletPort",
            "startDatetime": "2021-06-15T14:17:50.374263-04:00",
            "type": "instance",
            "uuid": "8a568d3c-b190-4aeb-8c42-72a250b8f42e",
            "value": 1
        },
        {
            "endDatetime": "2021-06-15T14:17:52.384999-04:00",
            "extras": {
            },
            "index": 90,
            "label": "InletPort",
            "originalEndDatetime": "2021-06-15T14:17:52.386845-04:00",
            "originalStartDatetime": "2021-06-15T14:17:52.386845-04:00",
            "port": "InletPort",
            "startDatetime": "2021-06-15T14:17:52.384999-04:00",
            "type": "instance",
            "uuid": "9da919ed-4c98-4575-b972-84535942683d",
            "value": 1
        },
        {
            "endDatetime": "2021-06-15T14:17:54.419062-04:00",
            "extras": {
            },
            "index": 91,
            "label": "InletPort",
            "originalEndDatetime": "2021-06-15T14:17:54.419890-04:00",
            "originalStartDatetime": "2021-06-15T14:17:54.419890-04:00",
            "port": "InletPort",
            "startDatetime": "2021-06-15T14:17:54.419062-04:00",
            "type": "instance",
            "uuid": "ebad47a9-e940-44fd-9881-587851348b1f",
            "value": 1
        },
        {
            "endDatetime": "2021-06-15T14:17:56.417880-04:00",
            "extras": {
            },
            "index": 92,
            "label": "InletPort",
            "originalEndDatetime": "2021-06-15T14:17:56.415998-04:00",
            "originalStartDatetime": "2021-06-15T14:17:56.415998-04:00",
            "port": "InletPort",
            "startDatetime": "2021-06-15T14:17:56.417880-04:00",
            "type": "instance",
            "uuid": "ad75e72c-9814-4a71-87a7-e0357808e724",
            "value": 1
        },
        {
            "endDatetime": "2021-06-15T14:17:58.452032-04:00",
            "extras": {
            },
            "index": 93,
            "label": "InletPort",
            "originalEndDatetime": "2021-06-15T14:17:58.451012-04:00",
            "originalStartDatetime": "2021-06-15T14:17:58.451012-04:00",
            "port": "InletPort",
            "startDatetime": "2021-06-15T14:17:58.452032-04:00",
            "type": "instance",
            "uuid": "f7c3e71c-ac60-4852-990d-3c6925ec3121",
            "value": 1
        },
        {
            "endDatetime": "2021-06-15T14:18:00.454754-04:00",
            "extras": {
            },
            "index": 94,
            "label": "InletPort",
            "originalEndDatetime": "2021-06-15T14:18:00.454673-04:00",
            "originalStartDatetime": "2021-06-15T14:18:00.454673-04:00",
            "port": "InletPort",
            "startDatetime": "2021-06-15T14:18:00.454754-04:00",
            "type": "instance",
            "uuid": "cd9a24eb-fd31-44f5-ac8d-55b6771a1aec",
            "value": 72
        },
        {
            "endDatetime": "2021-06-15T14:18:00.478378-04:00",
            "extras": {
            },
            "index": 95,
            "label": "InletPort",
            "originalEndDatetime": "2021-06-15T14:18:00.479775-04:00",
            "originalStartDatetime": "2021-06-15T14:18:00.479775-04:00",
            "port": "InletPort",
            "startDatetime": "2021-06-15T14:18:00.478378-04:00",
            "type": "instance",
            "uuid": "ebbf9aef-e678-40f4-be2f-dee2feca0b09",
            "value": 73
        },
        {
            "endDatetime": "2021-06-15T14:19:02.237515-04:00",
            "extras": {
            },
            "index": 96,
            "label": "InletPort",
            "originalEndDatetime": "2021-06-15T14:19:02.236852-04:00",
            "originalStartDatetime": "2021-06-15T14:19:02.236852-04:00",
            "port": "InletPort",
            "startDatetime": "2021-06-15T14:19:02.237515-04:00",
            "type": "instance",
            "uuid": "22515b6a-a163-4010-bf2d-1fc43446eaf3",
            "value": 71
        },
        {
            "endDatetime": "2021-06-15T14:19:12.321537-04:00",
            "extras": {
            },
            "index": 97,
            "label": "InletPort",
            "originalEndDatetime": "2021-06-15T14:19:12.322529-04:00",
            "originalStartDatetime": "2021-06-15T14:19:12.322529-04:00",
            "port": "InletPort",
            "startDatetime": "2021-06-15T14:19:12.321537-04:00",
            "type": "instance",
            "uuid": "09e9556f-d71e-4bff-b37d-bb1837d48ccc",
            "value": 72
        },
        {
            "endDatetime": "2021-06-15T14:19:16.338867-04:00",
            "extras": {
            },
            "index": 98,
            "label": "InletPort",
            "originalEndDatetime": "2021-06-15T14:19:16.337420-04:00",
            "originalStartDatetime": "2021-06-15T14:19:16.337420-04:00",
            "port": "InletPort",
            "startDatetime": "2021-06-15T14:19:16.338867-04:00",
            "type": "instance",
            "uuid": "58e2109e-5498-478e-a07e-93dcde063669",
            "value": 80
        },
        {
            "endDatetime": "2021-06-15T14:19:16.338867-04:00",
            "extras": {
            },
            "index": 99,
            "label": "InletPort",
            "originalEndDatetime": "2021-06-15T14:19:16.337420-04:00",
            "originalStartDatetime": "2021-06-15T14:19:16.337420-04:00",
            "port": "InletPort",
            "startDatetime": "2021-06-15T14:19:16.338867-04:00",
            "type": "instance",
            "uuid": "96f74412-4e54-4291-bbe0-fd5362af5450",
            "value": 2
        },
        {
            "endDatetime": "2021-06-15T14:19:18.345178-04:00",
            "extras": {
            },
            "index": 100,
            "label": "InletPort",
            "originalEndDatetime": "2021-06-15T14:19:18.346685-04:00",
            "originalStartDatetime": "2021-06-15T14:19:18.346685-04:00",
            "port": "InletPort",
            "startDatetime": "2021-06-15T14:19:18.345178-04:00",
            "type": "instance",
            "uuid": "a5086fdd-8c81-42bb-8909-dfda77c40bb0",
            "value": 2
        },
        {
            "endDatetime": "2021-06-15T14:19:20.372208-04:00",
            "extras": {
            },
            "index": 101,
            "label": "InletPort",
            "originalEndDatetime": "2021-06-15T14:19:20.370841-04:00",
            "originalStartDatetime": "2021-06-15T14:19:20.370841-04:00",
            "port": "InletPort",
            "startDatetime": "2021-06-15T14:19:20.372208-04:00",
            "type": "instance",
            "uuid": "56dcb03a-cde1-496e-bd9b-b5e3088064a8",
            "value": 2
        },
        {
            "endDatetime": "2021-06-15T14:19:22.367209-04:00",
            "extras": {
            },
            "index": 102,
            "label": "InletPort",
            "originalEndDatetime": "2021-06-15T14:19:22.368862-04:00",
            "originalStartDatetime": "2021-06-15T14:19:22.368862-04:00",
            "port": "InletPort",
            "startDatetime": "2021-06-15T14:19:22.367209-04:00",
            "type": "instance",
            "uuid": "8aed1d56-f497-47ec-a810-6c43a4a1b777",
            "value": 2
        },
        {
            "endDatetime": "2021-06-15T14:19:24.397145-04:00",
            "extras": {
            },
            "index": 103,
            "label": "InletPort",
            "originalEndDatetime": "2021-06-15T14:19:24.398701-04:00",
            "originalStartDatetime": "2021-06-15T14:19:24.398701-04:00",
            "port": "InletPort",
            "startDatetime": "2021-06-15T14:19:24.397145-04:00",
            "type": "instance",
            "uuid": "139b4e59-a1ca-4ee5-b10d-ea6be596902d",
            "value": 2
        },
        {
            "endDatetime": "2021-06-15T14:19:26.403760-04:00",
            "extras": {
            },
            "index": 104,
            "label": "InletPort",
            "originalEndDatetime": "2021-06-15T14:19:26.402175-04:00",
            "originalStartDatetime": "2021-06-15T14:19:26.402175-04:00",
            "port": "InletPort",
            "startDatetime": "2021-06-15T14:19:26.403760-04:00",
            "type": "instance",
            "uuid": "eec24fac-ff5d-4a6e-9824-6543bf39f74f",
            "value": 2
        },
        {
            "endDatetime": "2021-06-15T14:19:28.402363-04:00",
            "extras": {
            },
            "index": 105,
            "label": "InletPort",
            "originalEndDatetime": "2021-06-15T14:19:28.401993-04:00",
            "originalStartDatetime": "2021-06-15T14:19:28.401993-04:00",
            "port": "InletPort",
            "startDatetime": "2021-06-15T14:19:28.402363-04:00",
            "type": "instance",
            "uuid": "2cb2c405-0453-43ec-83df-a600ca90d1e8",
            "value": 2
        },
        {
            "endDatetime": "2021-06-15T14:19:30.432598-04:00",
            "extras": {
            },
            "index": 106,
            "label": "InletPort",
            "originalEndDatetime": "2021-06-15T14:19:30.433481-04:00",
            "originalStartDatetime": "2021-06-15T14:19:30.433481-04:00",
            "port": "InletPort",
            "startDatetime": "2021-06-15T14:19:30.432598-04:00",
            "type": "instance",
            "uuid": "fa42b9ac-ec7d-48ed-97ec-62244747f6c1",
            "value": 2
        },
        {
            "endDatetime": "2021-06-15T14:19:32.431800-04:00",
            "extras": {
            },
            "index": 107,
            "label": "InletPort",
            "originalEndDatetime": "2021-06-15T14:19:32.430837-04:00",
            "originalStartDatetime": "2021-06-15T14:19:32.430837-04:00",
            "port": "InletPort",
            "startDatetime": "2021-06-15T14:19:32.431800-04:00",
            "type": "instance",
            "uuid": "7819be19-5fd2-4895-9bd5-e6d98e132d5a",
            "value": 2
        },
        {
            "endDatetime": "2021-06-15T14:19:34.461836-04:00",
            "extras": {
            },
            "index": 108,
            "label": "InletPort",
            "originalEndDatetime": "2021-06-15T14:19:34.462057-04:00",
            "originalStartDatetime": "2021-06-15T14:19:34.462057-04:00",
            "port": "InletPort",
            "startDatetime": "2021-06-15T14:19:34.461836-04:00",
            "type": "instance",
            "uuid": "75a0f107-596b-4ae2-97f9-01f164659e80",
            "value": 2
        },
        {
            "endDatetime": "2021-06-15T14:19:36.461539-04:00",
            "extras": {
            },
            "index": 109,
            "label": "InletPort",
            "originalEndDatetime": "2021-06-15T14:19:36.462349-04:00",
            "originalStartDatetime": "2021-06-15T14:19:36.462349-04:00",
            "port": "InletPort",
            "startDatetime": "2021-06-15T14:19:36.461539-04:00",
            "type": "instance",
            "uuid": "c29908b1-1f4f-464e-93a1-aa9b938f57bd",
            "value": 2
        },
        {
            "endDatetime": "2021-06-15T14:19:38.463447-04:00",
            "extras": {
            },
            "index": 110,
            "label": "InletPort",
            "originalEndDatetime": "2021-06-15T14:19:38.464530-04:00",
            "originalStartDatetime": "2021-06-15T14:19:38.464530-04:00",
            "port": "InletPort",
            "startDatetime": "2021-06-15T14:19:38.463447-04:00",
            "type": "instance",
            "uuid": "7155782f-5852-45b4-a8d3-cb58ac2b8d64",
            "value": 2
        },
        {
            "endDatetime": "2021-06-15T14:19:40.493884-04:00",
            "extras": {
            },
            "index": 111,
            "label": "InletPort",
            "originalEndDatetime": "2021-06-15T14:19:40.493780-04:00",
            "originalStartDatetime": "2021-06-15T14:19:40.493780-04:00",
            "port": "InletPort",
            "startDatetime": "2021-06-15T14:19:40.493884-04:00",
            "type": "instance",
            "uuid": "0bc5a869-af67-4ffe-889c-2d30367c6949",
            "value": 2
        },
        {
            "endDatetime": "2021-06-15T14:19:42.492786-04:00",
            "extras": {
            },
            "index": 112,
            "label": "InletPort",
            "originalEndDatetime": "2021-06-15T14:19:42.492918-04:00",
            "originalStartDatetime": "2021-06-15T14:19:42.492918-04:00",
            "port": "InletPort",
            "startDatetime": "2021-06-15T14:19:42.492786-04:00",
            "type": "instance",
            "uuid": "f0375170-7bfc-452d-9ea2-5f782ee1cd2c",
            "value": 2
        },
        {
            "endDatetime": "2021-06-15T14:19:44.530629-04:00",
            "extras": {
            },
            "index": 113,
            "label": "InletPort",
            "originalEndDatetime": "2021-06-15T14:19:44.532006-04:00",
            "originalStartDatetime": "2021-06-15T14:19:44.532006-04:00",
            "port": "InletPort",
            "startDatetime": "2021-06-15T14:19:44.530629-04:00",
            "type": "instance",
            "uuid": "6fcf69ce-7765-403e-aa28-d850b2f5e4d3",
            "value": 2
        },
        {
            "endDatetime": "2021-06-15T14:19:46.529631-04:00",
            "extras": {
            },
            "index": 114,
            "label": "InletPort",
            "originalEndDatetime": "2021-06-15T14:19:46.530747-04:00",
            "originalStartDatetime": "2021-06-15T14:19:46.530747-04:00",
            "port": "InletPort",
            "startDatetime": "2021-06-15T14:19:46.529631-04:00",
            "type": "instance",
            "uuid": "dd7abd5d-39a1-40b1-abd2-06e3b5075f21",
            "value": 2
        },
        {
            "endDatetime": "2021-06-15T14:19:48.524531-04:00",
            "extras": {
            },
            "index": 115,
            "label": "InletPort",
            "originalEndDatetime": "2021-06-15T14:19:48.523962-04:00",
            "originalStartDatetime": "2021-06-15T14:19:48.523962-04:00",
            "port": "InletPort",
            "startDatetime": "2021-06-15T14:19:48.524531-04:00",
            "type": "instance",
            "uuid": "673fa223-3973-409b-959c-0de5ef7a5eee",
            "value": 2
        },
        {
            "endDatetime": "2021-06-15T14:19:50.546957-04:00",
            "extras": {
            },
            "index": 116,
            "label": "InletPort",
            "originalEndDatetime": "2021-06-15T14:19:50.548103-04:00",
            "originalStartDatetime": "2021-06-15T14:19:50.548103-04:00",
            "port": "InletPort",
            "startDatetime": "2021-06-15T14:19:50.546957-04:00",
            "type": "instance",
            "uuid": "292382d6-8fa4-43d7-92fa-298944fea49b",
            "value": 2
        },
        {
            "endDatetime": "2021-06-15T14:19:52.580597-04:00",
            "extras": {
            },
            "index": 117,
            "label": "InletPort",
            "originalEndDatetime": "2021-06-15T14:19:52.579327-04:00",
            "originalStartDatetime": "2021-06-15T14:19:52.579327-04:00",
            "port": "InletPort",
            "startDatetime": "2021-06-15T14:19:52.580597-04:00",
            "type": "instance",
            "uuid": "24e25920-779e-4a79-87f2-bd45196eadd4",
            "value": 2
        },
        {
            "endDatetime": "2021-06-15T14:19:54.572091-04:00",
            "extras": {
            },
            "index": 118,
            "label": "InletPort",
            "originalEndDatetime": "2021-06-15T14:19:54.573022-04:00",
            "originalStartDatetime": "2021-06-15T14:19:54.573022-04:00",
            "port": "InletPort",
            "startDatetime": "2021-06-15T14:19:54.572091-04:00",
            "type": "instance",
            "uuid": "7684c04a-50b6-440d-a842-f039b40435e9",
            "value": 2
        },
        {
            "endDatetime": "2021-06-15T14:19:56.574998-04:00",
            "extras": {
            },
            "index": 119,
            "label": "InletPort",
            "originalEndDatetime": "2021-06-15T14:19:56.574023-04:00",
            "originalStartDatetime": "2021-06-15T14:19:56.574023-04:00",
            "port": "InletPort",
            "startDatetime": "2021-06-15T14:19:56.574998-04:00",
            "type": "instance",
            "uuid": "e8a7f675-5d7f-4e8f-af3d-ffbefda4dc42",
            "value": 2
        },
        {
            "endDatetime": "2021-06-15T14:19:58.605332-04:00",
            "extras": {
            },
            "index": 120,
            "label": "InletPort",
            "originalEndDatetime": "2021-06-15T14:19:58.603864-04:00",
            "originalStartDatetime": "2021-06-15T14:19:58.603864-04:00",
            "port": "InletPort",
            "startDatetime": "2021-06-15T14:19:58.605332-04:00",
            "type": "instance",
            "uuid": "9874e7fa-14d9-43c2-b1d6-e76757b5bb9c",
            "value": 2
        },
        {
            "endDatetime": "2021-06-15T14:20:00.603734-04:00",
            "extras": {
            },
            "index": 121,
            "label": "InletPort",
            "originalEndDatetime": "2021-06-15T14:20:00.603042-04:00",
            "originalStartDatetime": "2021-06-15T14:20:00.603042-04:00",
            "port": "InletPort",
            "startDatetime": "2021-06-15T14:20:00.603734-04:00",
            "type": "instance",
            "uuid": "b9b40d00-5753-47db-a2fe-654a31671308",
            "value": 2
        },
        {
            "endDatetime": "2021-06-15T14:20:02.637972-04:00",
            "extras": {
            },
            "index": 122,
            "label": "InletPort",
            "originalEndDatetime": "2021-06-15T14:20:02.639605-04:00",
            "originalStartDatetime": "2021-06-15T14:20:02.639605-04:00",
            "port": "InletPort",
            "startDatetime": "2021-06-15T14:20:02.637972-04:00",
            "type": "instance",
            "uuid": "71b091b3-383a-4474-8328-d06ebc902747",
            "value": 2
        },
        {
            "endDatetime": "2021-06-15T14:20:04.625261-04:00",
            "extras": {
            },
            "index": 123,
            "label": "InletPort",
            "originalEndDatetime": "2021-06-15T14:20:04.623466-04:00",
            "originalStartDatetime": "2021-06-15T14:20:04.623466-04:00",
            "port": "InletPort",
            "startDatetime": "2021-06-15T14:20:04.625261-04:00",
            "type": "instance",
            "uuid": "dcf4c02b-e180-4a87-9196-daa21c7b9799",
            "value": 2
        },
        {
            "endDatetime": "2021-06-15T14:20:06.643583-04:00",
            "extras": {
            },
            "index": 124,
            "label": "InletPort",
            "originalEndDatetime": "2021-06-15T14:20:06.644573-04:00",
            "originalStartDatetime": "2021-06-15T14:20:06.644573-04:00",
            "port": "InletPort",
            "startDatetime": "2021-06-15T14:20:06.643583-04:00",
            "type": "instance",
            "uuid": "34fa98bf-e275-465c-abcd-ee16ad6a390a",
            "value": 91
        }
    ],
    "exportApp": "com.emotiv.emotivpro",
    "exportTime": "2021-06-15T14:20:55.763-04:00",
    "mappings": null,
    "recordId": "ca405134-72c9-413b-98e3-9bee339763e6",
    "user": "diamandislab"
}
