{
    "params": {
        "study": "default",
        "session_type": "Stroop_keyboard",
        "eeg_device": "EPOC X",
        "participant_id": "navy-giraffe",
        "group": "default",
        "age": "23",
        "comments": "",
        "session_uuid": "4e6f134f-edba-43c9-9ed4-81e51dec60cd",
        "timestamp": "20210726-105905"
    },
    "data_file": {
        "EEG": "output/EEG/EPOCX/navy giraffe stroop keyboard_EPOCX_120482_2021.07.26T11.09.01.04.00.csv|output/EEG/EPOCX/navy giraffe stroop keyboard_EPOCX_120482_2021.07.26T11.09.01.04.00.edf|output/EEG/EPOCX/navy giraffe stroop keyboard_EPOCX_120482_2021.07.26T11.09.01.04.00.json|output/EEG/EPOCX/navy giraffe stroop keyboard_EPOCX_120482_2021.07.26T11.09.01.04.00.mdedf",
        "keyboard": "output/keyboard/20210726-105905_default_navy-giraffe.csv"
    },
    "EEG_marks": {
        "EEG_markers": [
            {
                "name": "Stroop test",
                "type": "task",
                "mark": 80
            },
            {
                "name": "Relax",
                "type": "task",
                "mark": 73
            },
            {
                "name": "Concordant",
                "type": "stimulus",
                "mark": 1
            },
            {
                "name": "Discordant",
                "type": "stimulus",
                "mark": 2
            }
        ]
    },
    "task_log": [
        {
            "name": "text",
            "start": 1627312157.6459773,
            "end": 1627312162.6705537
        },
        {
            "name": "audio",
            "start": 1627312162.671555,
            "end": 1627312162.799553,
            "filename": "audio/audio_2547fa5a12-1min.mp3"
        },
        {
            "name": "video",
            "start": 1627312162.799553,
            "end": 1627312227.9165907,
            "filename": "video/Background-8788.mp4"
        },
        {
            "name": "image",
            "start": 1627312227.9165907,
            "end": 1627312238.0843706,
            "filename": "images/stroop_instructions_arrows.png"
        },
        {
            "name": "audio",
            "start": 1627312238.0843706,
            "end": 1627312242.4207575,
            "filename": "audio/voice_type_your_answers.mp3"
        },
        {
            "name": "stroop",
            "start": 1627312242.4207575,
            "end": 1627312292.8593204
        },
        {
            "name": "text",
            "start": 1627312292.8593204,
            "end": 1627312297.8956625
        },
        {
            "name": "audio",
            "start": 1627312297.8956625,
            "end": 1627312297.9446619,
            "filename": "audio/audio_2547fa5a12-1min.mp3"
        },
        {
            "name": "video",
            "start": 1627312297.9446619,
            "end": 1627312361.8747332,
            "filename": "video/Background-8788.mp4"
        },
        {
            "name": "image",
            "start": 1627312361.8747332,
            "end": 1627312372.0263321,
            "filename": "images/stroop_instructions_arrows.png"
        },
        {
            "name": "audio",
            "start": 1627312372.0263321,
            "end": 1627312376.3600502,
            "filename": "audio/voice_type_your_answers.mp3"
        },
        {
            "name": "stroop",
            "start": 1627312376.3600502,
            "end": 1627312426.8233638
        },
        {
            "name": "audio",
            "start": 1627312426.8233638,
            "end": 1627312426.8833663,
            "filename": "audio/audio_2547fa5a12-1min.mp3"
        },
        {
            "name": "video",
            "start": 1627312426.8833663,
            "end": 1627312491.831406,
            "filename": "video/Background-8788.mp4"
        },
        {
            "name": "image",
            "start": 1627312491.831406,
            "end": 1627312501.9919536,
            "filename": "images/stroop_instructions_arrows.png"
        },
        {
            "name": "audio",
            "start": 1627312501.9919536,
            "end": 1627312506.32915,
            "filename": "audio/voice_type_your_answers.mp3"
        },
        {
            "name": "stroop",
            "start": 1627312506.32915,
            "end": 1627312556.6562629
        },
        {
            "name": "audio",
            "start": 1627312556.6572254,
            "end": 1627312556.7082338,
            "filename": "audio/audio_2547fa5a12-1min.mp3"
        },
        {
            "name": "video",
            "start": 1627312556.7082338,
            "end": 1627312620.2526329,
            "filename": "video/Background-8788.mp4"
        },
        {
            "name": "image",
            "start": 1627312620.2526329,
            "end": 1627312630.4125152,
            "filename": "images/stroop_instructions_arrows.png"
        },
        {
            "name": "audio",
            "start": 1627312630.4125152,
            "end": 1627312634.7445421,
            "filename": "audio/voice_type_your_answers.mp3"
        },
        {
            "name": "stroop",
            "start": 1627312634.7445421,
            "end": 1627312685.0620828
        }
    ]
}