test_type,key,timestamp_stim,time_stim_response,stim_type
cue_go_nogo_visual,none,1623815192.7560623,-1,Nogo
cue_go_nogo_visual,space,1623815197.0987966,0.39375780000409577,Go
cue_go_nogo_visual,none,1623815201.9111853,-1,Nogo
cue_go_nogo_visual,space,1623815206.4350252,0.40133769999374636,Go
cue_go_nogo_visual,none,1623815210.4008684,-1,Nogo
cue_go_nogo_visual,space,1623815214.3191192,0.4147560999990674,Go
cue_go_nogo_visual,none,1623815218.7652478,-1,Nogo
cue_go_nogo_visual,space,1623815222.6224744,0.43129880000196863,Go
cue_go_nogo_visual,space,1623815227.2497656,0.4201020000036806,Go
cue_go_nogo_visual,none,1623815231.357803,-1,Nogo
cue_go_nogo_visual,none,1623815235.8472326,-1,Nogo
cue_go_nogo_visual,none,1623815240.0753255,-1,Nogo
cue_go_nogo_visual,none,1623815244.3766897,-1,Nogo
cue_go_nogo_visual,none,1623815248.6246178,-1,Nogo
cue_go_nogo_visual,space,1623815252.7079241,0.46855270001105964,Go
cue_go_nogo_visual,none,1623815257.5208821,-1,Nogo
cue_go_nogo_visual,none,1623815261.5091221,-1,Nogo
cue_go_nogo_visual,space,1623815265.5923789,0.39774869999382645,Go
cue_go_nogo_visual,none,1623815270.0053933,-1,Nogo
cue_go_nogo_visual,none,1623815273.8570614,-1,Nogo
cue_go_nogo_visual,none,1623815277.8417933,-1,Nogo
cue_go_nogo_visual,space,1623815281.8729274,0.46893099999579135,Go
cue_go_nogo_visual,space,1623815286.654043,0.6041666999954032,Go
cue_go_nogo_visual,none,1623815291.320204,-1,Nogo
cue_go_nogo_visual,space,1623815295.8137228,0.38807790000282694,Go
test_type,key,timestamp_stim,time_stim_response,stim_type
cue_go_nogo_visual,space,1623815371.9242377,0.44161899999016896,Go
cue_go_nogo_visual,none,1623815375.9585817,-1.0,Nogo
cue_go_nogo_visual,space,1623815379.9478734,0.41699670000525657,Go
cue_go_nogo_visual,none,1623815383.8817055,-1.0,Nogo
cue_go_nogo_visual,space,1623815387.9503078,0.38505840000289027,Go
cue_go_nogo_visual,none,1623815392.6236584,-1.0,Nogo
cue_go_nogo_visual,none,1623815396.6016066,-1.0,Nogo
cue_go_nogo_visual,space,1623815401.1487293,0.3982109000062337,Go
cue_go_nogo_visual,space,1623815405.4015734,0.4694177000055788,Go
cue_go_nogo_visual,space,1623815409.7315533,0.3042349000024842,Go
cue_go_nogo_visual,space,1623815414.3801293,0.359213899995666,Go
cue_go_nogo_visual,none,1623815418.2391658,-1.0,Nogo
cue_go_nogo_visual,none,1623815422.0945606,-1.0,Nogo
cue_go_nogo_visual,none,1623815425.97441,-1.0,Nogo
cue_go_nogo_visual,space,1623815430.125729,0.3313040000066394,Go
cue_go_nogo_visual,space,1623815434.401313,0.36655160000373144,Go
cue_go_nogo_visual,space,1623815439.0710347,0.36913490000006277,Go
cue_go_nogo_visual,none,1623815443.1885836,-1.0,Nogo
cue_go_nogo_visual,none,1623815447.9829032,-1.0,Nogo
cue_go_nogo_visual,space,1623815452.650575,0.43097890001081396,Go
cue_go_nogo_visual,space,1623815456.8445172,0.48831269999209326,Go
cue_go_nogo_visual,none,1623815460.8682008,-1.0,Nogo
cue_go_nogo_visual,none,1623815465.434208,-1.0,Nogo
cue_go_nogo_visual,none,1623815469.6412728,-1.0,Nogo
cue_go_nogo_visual,none,1623815473.5321817,-1.0,Nogo
test_type,key,timestamp_stim,time_stim_response,stim_type
cue_go_nogo_visual,none,1623815550.0686474,-1,Nogo
cue_go_nogo_visual,none,1623815554.0480042,-1,Nogo
cue_go_nogo_visual,space,1623815558.7070596,0.38384019999648444,Go
cue_go_nogo_visual,none,1623815563.350789,-1,Nogo
cue_go_nogo_visual,space,1623815567.8371255,0.45301690000633243,Go
cue_go_nogo_visual,space,1623815572.6319265,0.48256199999013916,Go
cue_go_nogo_visual,space,1623815577.0961084,0.34737679999670945,Go
cue_go_nogo_visual,space,1623815581.3120472,0.41022740000335034,Go
cue_go_nogo_visual,none,1623815585.8064542,-1,Nogo
cue_go_nogo_visual,none,1623815590.4174447,-1,Nogo
cue_go_nogo_visual,none,1623815594.590147,-1,Nogo
cue_go_nogo_visual,none,1623815599.0841243,-1,Nogo
cue_go_nogo_visual,space,1623815603.5913427,0.4124145999958273,Go
cue_go_nogo_visual,space,1623815607.4195502,0.415324799992959,Go
cue_go_nogo_visual,none,1623815611.8369966,-1,Nogo
cue_go_nogo_visual,space,1623815615.745989,0.39569490001304075,Go
cue_go_nogo_visual,space,1623815619.5962207,0.43096380001225043,Go
cue_go_nogo_visual,space,1623815623.6203089,0.383805499994196,Go
cue_go_nogo_visual,space,1623815628.1763484,0.36678339999343734,Nogo
cue_go_nogo_visual,space,1623815632.37033,0.4428287999908207,Go
cue_go_nogo_visual,none,1623815636.222479,-1,Nogo
cue_go_nogo_visual,none,1623815640.5211942,-1,Nogo
cue_go_nogo_visual,space,1623815644.941005,0.42740290000801906,Go
cue_go_nogo_visual,space,1623815649.4932098,0.41988440000568517,Go
cue_go_nogo_visual,none,1623815654.0530615,-1,Nogo
test_type,key,timestamp_stim,time_stim_response,stim_type
cue_go_nogo_visual,none,1623815730.8192344,-1,Nogo
cue_go_nogo_visual,none,1623815735.4498367,-1,Nogo
cue_go_nogo_visual,space,1623815740.095316,0.4103663999994751,Go
cue_go_nogo_visual,space,1623815744.589723,0.40710609999950975,Go
cue_go_nogo_visual,space,1623815748.4463253,0.4587162999960128,Go
cue_go_nogo_visual,space,1623815752.521347,0.3938142999977572,Go
cue_go_nogo_visual,space,1623815756.4347136,0.427730800001882,Go
cue_go_nogo_visual,space,1623815760.7271423,0.3492698000045493,Go
cue_go_nogo_visual,none,1623815765.0291753,-1,Nogo
cue_go_nogo_visual,space,1623815769.7121034,0.4144135000096867,Go
cue_go_nogo_visual,space,1623815774.3225744,0.42152489999716636,Go
cue_go_nogo_visual,none,1623815778.1512876,-1,Nogo
cue_go_nogo_visual,space,1623815782.885403,0.39003280000179075,Go
cue_go_nogo_visual,none,1623815787.370664,-1,Nogo
cue_go_nogo_visual,none,1623815791.525871,-1,Nogo
cue_go_nogo_visual,space,1623815795.922335,0.40381580000394024,Go
cue_go_nogo_visual,space,1623815800.5627744,0.4032701999967685,Go
cue_go_nogo_visual,space,1623815804.9930944,0.41587060000165366,Go
cue_go_nogo_visual,space,1623815809.725026,0.414401199988788,Go
cue_go_nogo_visual,space,1623815814.3467147,0.3632906999991974,Go
cue_go_nogo_visual,space,1623815818.7394025,0.3600214999896707,Go
cue_go_nogo_visual,none,1623815823.260158,-1,Nogo
cue_go_nogo_visual,space,1623815827.8932288,0.38690820000192616,Go
cue_go_nogo_visual,none,1623815831.9474552,-1,Nogo
cue_go_nogo_visual,space,1623815836.664561,0.3673440999991726,Go
