{
    "params": {
        "study": "default",
        "session_type": "Cue Go/Nogo visual",
        "eeg_device": "EPOC X",
        "participant_id": "big_shark",
        "group": "default",
        "age": "42",
        "comments": "",
        "session_uuid": "8f1f6dc6-5cd0-4654-a5e2-62708eca2653",
        "timestamp": "20210615-234301"
    },
    "data_file": {
        "EEG": "output/EEG/EPOCX/big_shark_EPOCX_120482_2021.06.15T23.45.01.04.00.csv|output/EEG/EPOCX/big_shark_EPOCX_120482_2021.06.15T23.45.01.04.00.edf|output/EEG/EPOCX/big_shark_EPOCX_120482_2021.06.15T23.45.01.04.00.json",
        "keyboard": "output/keyboard/20210615-234301_default_big_shark.csv"
    },
    "task_log": [
        {
            "name": "image",
            "start": 1623815118.0060358,
            "end": 1623815123.1070466,
            "filename": "images/stroop_instructions_calmness_1min.png"
        },
        {
            "name": "audio",
            "start": 1623815123.1070466,
            "end": 1623815123.2799826,
            "filename": "audio/audio_2547fa5a12-1min.mp3"
        },
        {
            "name": "video",
            "start": 1623815123.2799826,
            "end": 1623815185.520326,
            "filename": "video/Background-8788.mp4"
        },
        {
            "name": "text",
            "start": 1623815185.520326,
            "end": 1623815190.5621445
        },
        {
            "name": "cue_go_nogo_visual",
            "start": 1623815190.5621445,
            "end": 1623815298.4839418
        },
        {
            "name": "image",
            "start": 1623815298.4839418,
            "end": 1623815303.5725899,
            "filename": "images/stroop_instructions_calmness_1min.png"
        },
        {
            "name": "audio",
            "start": 1623815303.5725899,
            "end": 1623815303.6330955,
            "filename": "audio/audio_2547fa5a12-1min.mp3"
        },
        {
            "name": "video",
            "start": 1623815303.6330955,
            "end": 1623815365.343943,
            "filename": "video/Background-8788.mp4"
        },
        {
            "name": "text",
            "start": 1623815365.343943,
            "end": 1623815370.373866
        },
        {
            "name": "cue_go_nogo_visual",
            "start": 1623815370.373866,
            "end": 1623815476.1910121
        },
        {
            "name": "image",
            "start": 1623815476.1910121,
            "end": 1623815481.277508,
            "filename": "images/stroop_instructions_calmness_1min.png"
        },
        {
            "name": "audio",
            "start": 1623815481.277508,
            "end": 1623815481.327724,
            "filename": "audio/audio_2547fa5a12-1min.mp3"
        },
        {
            "name": "video",
            "start": 1623815481.3287055,
            "end": 1623815543.050727,
            "filename": "video/Background-8788.mp4"
        },
        {
            "name": "text",
            "start": 1623815543.050727,
            "end": 1623815548.0882726
        },
        {
            "name": "cue_go_nogo_visual",
            "start": 1623815548.0882726,
            "end": 1623815656.7132554
        },
        {
            "name": "image",
            "start": 1623815656.7132554,
            "end": 1623815661.8024378,
            "filename": "images/stroop_instructions_calmness_1min.png"
        },
        {
            "name": "audio",
            "start": 1623815661.8024378,
            "end": 1623815661.8444355,
            "filename": "audio/audio_2547fa5a12-1min.mp3"
        },
        {
            "name": "video",
            "start": 1623815661.8444355,
            "end": 1623815723.5556512,
            "filename": "video/Background-8788.mp4"
        },
        {
            "name": "text",
            "start": 1623815723.5556512,
            "end": 1623815728.61348
        },
        {
            "name": "cue_go_nogo_visual",
            "start": 1623815728.61348,
            "end": 1623815839.3271012
        }
    ]
}