test_type,key,timestamp_stim,time_stim_response,stim_type
cue_go_nogo_visual,none,1625610286.2529254,-1,Nogo
cue_go_nogo_visual,none,1625610290.5165887,-1,Nogo
cue_go_nogo_visual,none,1625610295.206537,-1,Nogo
cue_go_nogo_visual,none,1625610299.2145226,-1,Nogo
cue_go_nogo_visual,none,1625610303.7917185,-1,Nogo
cue_go_nogo_visual,none,1625610308.0882459,-1,Nogo
cue_go_nogo_visual,space,1625610312.3140085,0.5802815000060946,Go
cue_go_nogo_visual,none,1625610316.3873441,-1,Nogo
cue_go_nogo_visual,none,1625610320.9596426,-1,Nogo
cue_go_nogo_visual,none,1625610325.1312075,-1,Nogo
cue_go_nogo_visual,none,1625610329.7408984,-1,Nogo
cue_go_nogo_visual,none,1625610333.7543428,-1,Nogo
cue_go_nogo_visual,none,1625610338.4166172,-1,Nogo
cue_go_nogo_visual,space,1625610342.571759,0.49740140000358224,Go
cue_go_nogo_visual,space,1625610346.6038857,0.4783441000035964,Go
cue_go_nogo_visual,none,1625610351.3402247,-1,Nogo
cue_go_nogo_visual,none,1625610356.138814,-1,Nogo
cue_go_nogo_visual,none,1625610360.3445807,-1,Nogo
cue_go_nogo_visual,none,1625610364.3307116,-1,Nogo
cue_go_nogo_visual,space,1625610368.158813,0.4740919999894686,Go
cue_go_nogo_visual,space,1625610372.3929925,0.4890754999942146,Go
cue_go_nogo_visual,space,1625610376.5096521,0.48493730000336654,Go
cue_go_nogo_visual,none,1625610380.3529484,-1,Nogo
cue_go_nogo_visual,space,1625610385.012566,0.3994513000070583,Go
cue_go_nogo_visual,none,1625610389.4545045,-1,Nogo
test_type,key,timestamp_stim,time_stim_response,stim_type
cue_go_nogo_visual,none,1625610467.0325472,-1,Nogo
cue_go_nogo_visual,space,1625610471.3598652,0.4653727999975672,Go
cue_go_nogo_visual,none,1625610475.7442496,-1,Nogo
cue_go_nogo_visual,none,1625610479.7257018,-1,Nogo
cue_go_nogo_visual,space,1625610484.4838586,0.43900729999586474,Go
cue_go_nogo_visual,space,1625610488.50499,0.497259199997643,Go
cue_go_nogo_visual,none,1625610492.6148643,-1,Nogo
cue_go_nogo_visual,none,1625610496.7081723,-1,Nogo
cue_go_nogo_visual,none,1625610501.1090212,-1,Nogo
cue_go_nogo_visual,none,1625610505.8726087,-1,Nogo
cue_go_nogo_visual,none,1625610509.8067172,-1,Nogo
cue_go_nogo_visual,space,1625610514.3735402,0.4653777000057744,Go
cue_go_nogo_visual,space,1625610518.9652731,0.41706630001135636,Go
cue_go_nogo_visual,none,1625610523.2127285,-1,Nogo
cue_go_nogo_visual,none,1625610527.872571,-1,Nogo
cue_go_nogo_visual,space,1625610531.9876359,0.4318656999967061,Go
cue_go_nogo_visual,none,1625610536.2334864,-1,Nogo
cue_go_nogo_visual,space,1625610540.118551,0.36151659999450203,Go
cue_go_nogo_visual,none,1625610544.7046397,-1,Nogo
cue_go_nogo_visual,none,1625610549.418979,-1,Nogo
cue_go_nogo_visual,none,1625610554.20657,-1,Nogo
cue_go_nogo_visual,space,1625610558.7890074,0.36800079999375157,Go
cue_go_nogo_visual,space,1625610562.8264549,0.4895457999955397,Go
cue_go_nogo_visual,none,1625610567.2209926,-1,Nogo
cue_go_nogo_visual,none,1625610571.8904839,-1,Nogo
test_type,key,timestamp_stim,time_stim_response,stim_type
cue_go_nogo_visual,m,1625610649.1537058,0.5339071000053082,Go
cue_go_nogo_visual,space,1625610653.1119258,0.39988179999636486,Go
cue_go_nogo_visual,space,1625610657.0150187,0.3521483999938937,Go
cue_go_nogo_visual,space,1625610660.9143088,0.26455920000444166,Nogo
cue_go_nogo_visual,space,1625610665.6875076,0.4592331000021659,Go
cue_go_nogo_visual,space,1625610669.696471,0.4969827000022633,Go
cue_go_nogo_visual,space,1625610673.871257,0.3313263000018196,Go
cue_go_nogo_visual,space,1625610678.6716347,0.3295251000090502,Go
cue_go_nogo_visual,none,1625610683.0992274,-1.0,Nogo
cue_go_nogo_visual,none,1625610686.9975877,-1.0,Nogo
cue_go_nogo_visual,none,1625610690.9471595,-1.0,Nogo
cue_go_nogo_visual,none,1625610695.6148705,-1.0,Nogo
cue_go_nogo_visual,space,1625610700.2566767,0.410302899996168,Go
cue_go_nogo_visual,space,1625610704.323372,0.3804294999863487,Go
cue_go_nogo_visual,space,1625610708.5450737,0.384858899997198,Go
cue_go_nogo_visual,space,1625610712.3766246,0.3409782999951858,Go
cue_go_nogo_visual,none,1625610716.9393356,-1.0,Nogo
cue_go_nogo_visual,space,1625610720.756011,0.3631656999932602,Go
cue_go_nogo_visual,none,1625610725.5036721,-1.0,Nogo
cue_go_nogo_visual,space,1625610729.7033162,0.40300330000172835,Go
cue_go_nogo_visual,none,1625610733.663659,-1.0,Nogo
cue_go_nogo_visual,none,1625610738.3838935,-1.0,Nogo
cue_go_nogo_visual,none,1625610743.077743,-1.0,Nogo
cue_go_nogo_visual,space,1625610746.9715776,0.43215179999242537,Go
cue_go_nogo_visual,none,1625610750.960999,-1.0,Nogo
test_type,key,timestamp_stim,time_stim_response,stim_type
cue_go_nogo_visual,space,1625610828.580292,0.34901930000341963,Go
cue_go_nogo_visual,space,1625610833.291909,0.41704940001363866,Go
cue_go_nogo_visual,space,1625610837.5122857,0.37260390000301413,Go
cue_go_nogo_visual,none,1625610841.850507,-1.0,Nogo
cue_go_nogo_visual,space,1625610846.4995701,0.4144369999994524,Go
cue_go_nogo_visual,none,1625610850.411997,-1.0,Nogo
cue_go_nogo_visual,space,1625610855.176221,0.5234474000026239,Go
cue_go_nogo_visual,space,1625610859.2308133,0.387814999994589,Go
cue_go_nogo_visual,space,1625610863.6139736,0.3380814999982249,Go
cue_go_nogo_visual,none,1625610867.4518583,-1.0,Nogo
cue_go_nogo_visual,none,1625610871.3282473,-1.0,Nogo
cue_go_nogo_visual,space,1625610875.5283735,0.3756893000099808,Go
cue_go_nogo_visual,none,1625610879.8281577,-1.0,Nogo
cue_go_nogo_visual,none,1625610884.277729,-1.0,Nogo
cue_go_nogo_visual,space,1625610888.6741192,0.4599786999897333,Go
cue_go_nogo_visual,space,1625610893.308583,0.5371658999938518,Go
cue_go_nogo_visual,none,1625610897.7357981,-1.0,Nogo
cue_go_nogo_visual,none,1625610902.1862154,-1.0,Nogo
cue_go_nogo_visual,space,1625610906.827293,0.4783391000091797,Go
cue_go_nogo_visual,none,1625610910.7835429,-1.0,Nogo
cue_go_nogo_visual,space,1625610915.301836,0.46564359999320004,Go
cue_go_nogo_visual,none,1625610919.5655215,-1.0,Nogo
cue_go_nogo_visual,space,1625610923.6182644,0.45299679999880027,Go
cue_go_nogo_visual,space,1625610927.6445916,0.3442897999921115,Go
cue_go_nogo_visual,none,1625610931.5238845,-1.0,Nogo
