{
    "params": {
        "study": "default",
        "session_type": "Cue Go/Nogo visual",
        "eeg_device": "EPOC X",
        "participant_id": "Pink-Lion",
        "group": "default",
        "age": "18",
        "comments": "left-handed, female",
        "session_uuid": "4d78c31d-0a0c-41bd-b389-951bf5870a1e",
        "timestamp": "20210706-180054"
    },
    "data_file": {
        "EEG": "output/EEG/EPOCX/Go NoGo Pink Lion_EPOCX_134518_2021.07.06T18.23.17.04.00.csv|output/EEG/EPOCX/Go NoGo Pink Lion_EPOCX_134518_2021.07.06T18.23.17.04.00.edf|output/EEG/EPOCX/Go NoGo Pink Lion_EPOCX_134518_2021.07.06T18.23.17.04.00.json|output/EEG/EPOCX/Go NoGo Pink Lion_EPOCX_134518_2021.07.06T18.23.17.04.00.mdedf",
        "keyboard": "output/keyboard/20210706-180054_default_Pink-Lion.csv"
    },
    "EEG_marks": {
        "EEG_markers": [
            {
                "name": "Cue Go/NoGo visual",
                "type": "task",
                "mark": 82
            },
            {
                "name": "Relax",
                "type": "task",
                "mark": 73
            },
            {
                "name": "Go",
                "type": "stimulus",
                "mark": 1
            },
            {
                "name": "NoGo",
                "type": "stimulus",
                "mark": 2
            },
            {
                "name": "Cue",
                "type": "stimulus",
                "mark": 3
            }
        ]
    },
    "task_log": [
        {
            "name": "image",
            "start": 1625610210.25804,
            "end": 1625610215.435644,
            "filename": "images/stroop_instructions_calmness_1min.png"
        },
        {
            "name": "audio",
            "start": 1625610215.435644,
            "end": 1625610215.5310712,
            "filename": "audio/audio_2547fa5a12-1min.mp3"
        },
        {
            "name": "video",
            "start": 1625610215.5310712,
            "end": 1625610278.9713743,
            "filename": "video/Background-8788.mp4"
        },
        {
            "name": "text",
            "start": 1625610278.9713743,
            "end": 1625610284.0073822
        },
        {
            "name": "cue_go_nogo_visual",
            "start": 1625610284.0073822,
            "end": 1625610392.115356
        },
        {
            "name": "image",
            "start": 1625610392.115356,
            "end": 1625610397.2792988,
            "filename": "images/stroop_instructions_calmness_1min.png"
        },
        {
            "name": "audio",
            "start": 1625610397.2792988,
            "end": 1625610397.338303,
            "filename": "audio/audio_2547fa5a12-1min.mp3"
        },
        {
            "name": "video",
            "start": 1625610397.338303,
            "end": 1625610460.4108603,
            "filename": "video/Background-8788.mp4"
        },
        {
            "name": "text",
            "start": 1625610460.4108603,
            "end": 1625610465.4538832
        },
        {
            "name": "cue_go_nogo_visual",
            "start": 1625610465.454884,
            "end": 1625610574.5524497
        },
        {
            "name": "image",
            "start": 1625610574.5524497,
            "end": 1625610579.7100825,
            "filename": "images/stroop_instructions_calmness_1min.png"
        },
        {
            "name": "audio",
            "start": 1625610579.7110846,
            "end": 1625610579.757083,
            "filename": "audio/audio_2547fa5a12-1min.mp3"
        },
        {
            "name": "video",
            "start": 1625610579.7580848,
            "end": 1625610642.8157609,
            "filename": "video/Background-8788.mp4"
        },
        {
            "name": "text",
            "start": 1625610642.8157609,
            "end": 1625610647.850551
        },
        {
            "name": "cue_go_nogo_visual",
            "start": 1625610647.850551,
            "end": 1625610753.6205294
        },
        {
            "name": "image",
            "start": 1625610753.6205294,
            "end": 1625610758.7825642,
            "filename": "images/stroop_instructions_calmness_1min.png"
        },
        {
            "name": "audio",
            "start": 1625610758.7835495,
            "end": 1625610758.8325694,
            "filename": "audio/audio_2547fa5a12-1min.mp3"
        },
        {
            "name": "video",
            "start": 1625610758.8325694,
            "end": 1625610821.871076,
            "filename": "video/Background-8788.mp4"
        },
        {
            "name": "text",
            "start": 1625610821.871076,
            "end": 1625610826.9081068
        },
        {
            "name": "cue_go_nogo_visual",
            "start": 1625610826.9081068,
            "end": 1625610934.1828847
        }
    ]
}