type,key,timestamp,time_delay,word_color,word_text,timestamp_stim
concordant,none,,-1,green,green,1627408131.3862631
concordant,none,,-1,red,red,1627408133.406265
concordant,none,,-1,green,green,1627408135.4262626
concordant,none,,-1,yellow,yellow,1627408137.4562676
concordant,none,,-1,red,red,1627408139.480264
concordant,none,,-1,green,green,1627408141.492263
concordant,none,,-1,yellow,yellow,1627408143.5072634
concordant,none,,-1,red,red,1627408145.5212643
concordant,none,,-1,yellow,yellow,1627408147.5322635
concordant,none,,-1,red,red,1627408149.549265
concordant,none,,-1,green,green,1627408151.5672653
concordant,none,,-1,yellow,yellow,1627408153.5842645
concordant,none,,-1,red,red,1627408155.5992646
concordant,none,,-1,yellow,yellow,1627408157.6192663
concordant,none,,-1,green,green,1627408159.6342604
concordant,none,,-1,red,red,1627408161.6462653
concordant,none,,-1,yellow,yellow,1627408163.6622648
concordant,none,,-1,green,green,1627408165.6802652
concordant,none,,-1,red,red,1627408167.7042642
concordant,none,,-1,green,green,1627408169.7192645
concordant,none,,-1,red,red,1627408171.7422633
concordant,none,,-1,yellow,yellow,1627408173.7612607
concordant,none,,-1,red,red,1627408175.7772644
concordant,none,,-1,green,green,1627408177.7912638
concordant,none,,-1,red,red,1627408179.8052685
type,key,timestamp,time_delay,word_color,word_text,timestamp_stim
discordant,none,,-1,yellow,green,1627408263.687533
discordant,none,,-1,green,yellow,1627408265.7245321
discordant,none,,-1,red,green,1627408267.7385325
discordant,none,,-1,green,yellow,1627408269.7515311
discordant,none,,-1,yellow,green,1627408271.7675362
discordant,none,,-1,red,yellow,1627408273.7785313
discordant,none,,-1,green,red,1627408275.8035345
discordant,none,,-1,yellow,green,1627408277.8175328
discordant,none,,-1,red,yellow,1627408279.8315341
discordant,none,,-1,yellow,green,1627408281.8455343
discordant,none,,-1,red,yellow,1627408283.8605342
discordant,none,,-1,green,red,1627408285.8785355
discordant,none,,-1,red,green,1627408287.8985333
discordant,none,,-1,green,yellow,1627408289.9155333
discordant,none,,-1,yellow,red,1627408291.9365306
discordant,none,,-1,red,green,1627408293.9535325
discordant,none,,-1,green,yellow,1627408295.973533
discordant,none,,-1,red,green,1627408297.9865298
discordant,none,,-1,yellow,red,1627408300.0035331
discordant,none,,-1,green,yellow,1627408302.0165336
discordant,none,,-1,yellow,green,1627408304.0325322
discordant,none,,-1,red,yellow,1627408306.0455322
discordant,none,,-1,yellow,red,1627408308.0585322
discordant,none,,-1,red,yellow,1627408310.0735323
discordant,none,,-1,green,red,1627408312.0865304
type,key,timestamp,time_delay,word_color,word_text,timestamp_stim
concordant,none,,-1,red,red,1627408396.0135317
concordant,none,,-1,yellow,yellow,1627408398.043534
concordant,none,,-1,green,green,1627408400.0665329
concordant,none,,-1,yellow,yellow,1627408402.0845325
concordant,none,,-1,green,green,1627408404.0995328
concordant,none,,-1,red,red,1627408406.112534
concordant,none,,-1,green,green,1627408408.1335316
concordant,none,,-1,red,red,1627408410.1475327
concordant,none,,-1,yellow,yellow,1627408412.1675339
concordant,none,,-1,green,green,1627408414.1865325
concordant,none,,-1,red,red,1627408416.2065322
concordant,none,,-1,green,green,1627408418.2235332
concordant,none,,-1,red,red,1627408420.235531
concordant,none,,-1,green,green,1627408422.2475324
concordant,none,,-1,yellow,yellow,1627408424.265533
concordant,none,,-1,green,green,1627408426.2855332
concordant,none,,-1,red,red,1627408428.3025348
concordant,none,,-1,green,green,1627408430.31653
concordant,none,,-1,red,red,1627408432.3345332
concordant,none,,-1,green,green,1627408434.354534
concordant,none,,-1,yellow,yellow,1627408436.373532
concordant,none,,-1,red,red,1627408438.3885329
concordant,none,,-1,green,green,1627408440.4025323
concordant,none,,-1,red,red,1627408442.414534
concordant,none,,-1,green,green,1627408444.4305313
type,key,timestamp,time_delay,word_color,word_text,timestamp_stim
discordant,none,,-1,green,red,1627408528.3467064
discordant,none,,-1,red,yellow,1627408530.3707063
discordant,none,,-1,green,red,1627408532.3867073
discordant,none,,-1,yellow,green,1627408534.408707
discordant,none,,-1,green,red,1627408536.4257057
discordant,none,,-1,yellow,green,1627408538.441708
discordant,none,,-1,red,yellow,1627408540.4597068
discordant,none,,-1,green,red,1627408542.4797075
discordant,none,,-1,red,yellow,1627408544.4927118
discordant,none,,-1,green,red,1627408546.5057065
discordant,none,,-1,red,green,1627408548.5227065
discordant,none,,-1,green,red,1627408550.5407064
discordant,none,,-1,red,yellow,1627408552.554711
discordant,none,,-1,green,red,1627408554.5727088
discordant,none,,-1,yellow,green,1627408556.588706
discordant,none,,-1,red,yellow,1627408558.6077082
discordant,none,,-1,green,red,1627408560.6237092
discordant,none,,-1,yellow,green,1627408562.6417098
discordant,none,,-1,red,yellow,1627408564.6577086
discordant,none,,-1,yellow,red,1627408566.6727064
discordant,none,,-1,green,yellow,1627408568.691705
discordant,none,,-1,yellow,green,1627408570.714709
discordant,none,,-1,red,yellow,1627408572.7266853
discordant,none,,-1,green,red,1627408574.7408972
discordant,none,,-1,yellow,green,1627408576.7565713
