{
    "params": {
        "study": "default",
        "session_type": "Stroop_speech",
        "eeg_device": "EPOC X",
        "participant_id": "pink-sealion",
        "group": "default",
        "age": "22",
        "comments": "",
        "session_uuid": "3c4a8f9b-c57a-4592-9710-f148ca18f956",
        "timestamp": "20210727-134648"
    },
    "data_file": {
        "audio": "output/audio/20210727-134648_default_pink-sealion.wav",
        "EEG": "output/EEG/EPOCX/pink sealion stroop speech_EPOCX_120482_2021.07.27T13.47.12.04.00.csv|output/EEG/EPOCX/pink sealion stroop speech_EPOCX_120482_2021.07.27T13.47.12.04.00.edf|output/EEG/EPOCX/pink sealion stroop speech_EPOCX_120482_2021.07.27T13.47.12.04.00.json|output/EEG/EPOCX/pink sealion stroop speech_EPOCX_120482_2021.07.27T13.47.12.04.00.mdedf",
        "keyboard": "output/keyboard/20210727-134648_default_pink-sealion.csv"
    },
    "EEG_marks": {
        "EEG_markers": [
            {
                "name": "Stroop test",
                "type": "task",
                "mark": 80
            },
            {
                "name": "Relax",
                "type": "task",
                "mark": 73
            },
            {
                "name": "Concordant",
                "type": "stimulus",
                "mark": 1
            },
            {
                "name": "Discordant",
                "type": "stimulus",
                "mark": 2
            }
        ]
    },
    "task_log": [
        {
            "name": "text",
            "start": 1627408049.1073952,
            "end": 1627408054.1283941
        },
        {
            "name": "audio",
            "start": 1627408054.1283941,
            "end": 1627408054.2813954,
            "filename": "audio/audio_2547fa5a12-1min.mp3"
        },
        {
            "name": "video",
            "start": 1627408054.2813954,
            "end": 1627408118.4152563,
            "filename": "video/Background-8788.mp4"
        },
        {
            "name": "image",
            "start": 1627408118.4152563,
            "end": 1627408128.5932534,
            "filename": "images/stroop_instructions_speak.png"
        },
        {
            "name": "audio",
            "start": 1627408128.5932534,
            "end": 1627408131.2972713,
            "filename": "audio/voice_speak_your_answers.mp3"
        },
        {
            "name": "stroop",
            "start": 1627408131.2972713,
            "end": 1627408181.8212638
        },
        {
            "name": "text",
            "start": 1627408181.8212638,
            "end": 1627408186.863264
        },
        {
            "name": "audio",
            "start": 1627408186.863264,
            "end": 1627408186.9232628,
            "filename": "audio/audio_2547fa5a12-1min.mp3"
        },
        {
            "name": "video",
            "start": 1627408186.9232628,
            "end": 1627408250.7355056,
            "filename": "video/Background-8788.mp4"
        },
        {
            "name": "image",
            "start": 1627408250.7355056,
            "end": 1627408260.9105027,
            "filename": "images/stroop_instructions_speak.png"
        },
        {
            "name": "audio",
            "start": 1627408260.9105027,
            "end": 1627408263.5975306,
            "filename": "audio/voice_speak_your_answers.mp3"
        },
        {
            "name": "stroop",
            "start": 1627408263.5975306,
            "end": 1627408314.099532
        },
        {
            "name": "text",
            "start": 1627408314.099532,
            "end": 1627408319.1445308
        },
        {
            "name": "audio",
            "start": 1627408319.1445308,
            "end": 1627408319.2025313,
            "filename": "audio/audio_2547fa5a12-1min.mp3"
        },
        {
            "name": "video",
            "start": 1627408319.2025313,
            "end": 1627408383.060538,
            "filename": "video/Background-8788.mp4"
        },
        {
            "name": "image",
            "start": 1627408383.060538,
            "end": 1627408393.2345328,
            "filename": "images/stroop_instructions_speak.png"
        },
        {
            "name": "audio",
            "start": 1627408393.2345328,
            "end": 1627408395.9385326,
            "filename": "audio/voice_speak_your_answers.mp3"
        },
        {
            "name": "stroop",
            "start": 1627408395.9385326,
            "end": 1627408446.4465322
        },
        {
            "name": "text",
            "start": 1627408446.4465322,
            "end": 1627408451.4865313
        },
        {
            "name": "audio",
            "start": 1627408451.4865313,
            "end": 1627408451.5455313,
            "filename": "audio/audio_2547fa5a12-1min.mp3"
        },
        {
            "name": "video",
            "start": 1627408451.5455313,
            "end": 1627408515.399709,
            "filename": "video/Background-8788.mp4"
        },
        {
            "name": "image",
            "start": 1627408515.399709,
            "end": 1627408525.5797095,
            "filename": "images/stroop_instructions_speak.png"
        },
        {
            "name": "audio",
            "start": 1627408525.5797095,
            "end": 1627408528.274712,
            "filename": "audio/voice_speak_your_answers.mp3"
        },
        {
            "name": "stroop",
            "start": 1627408528.274712,
            "end": 1627408578.7725725
        }
    ]
}