type,key,timestamp,time_delay,word_color,word_text,timestamp_stim
concordant,none,,-1,red,red,1627317981.7569377
concordant,none,,-1,yellow,yellow,1627317983.79094
concordant,none,,-1,red,red,1627317985.8059397
concordant,none,,-1,yellow,yellow,1627317987.8229387
concordant,none,,-1,green,green,1627317989.845937
concordant,none,,-1,red,red,1627317991.8629396
concordant,none,,-1,yellow,yellow,1627317993.877938
concordant,none,,-1,red,red,1627317995.8979397
concordant,none,,-1,yellow,yellow,1627317997.913937
concordant,none,,-1,green,green,1627317999.9279387
concordant,none,,-1,red,red,1627318001.9449396
concordant,none,,-1,yellow,yellow,1627318003.9599414
concordant,none,,-1,red,red,1627318005.9799385
concordant,none,,-1,yellow,yellow,1627318007.9949393
concordant,none,,-1,red,red,1627318010.0089386
concordant,none,,-1,green,green,1627318012.0269396
concordant,none,,-1,red,red,1627318014.0419369
concordant,none,,-1,yellow,yellow,1627318016.0579412
concordant,none,,-1,green,green,1627318018.0729363
concordant,none,,-1,yellow,yellow,1627318020.0849388
concordant,none,,-1,red,red,1627318022.1009421
concordant,none,,-1,yellow,yellow,1627318024.1179376
concordant,none,,-1,green,green,1627318026.1329384
concordant,none,,-1,red,red,1627318028.1489408
concordant,none,,-1,yellow,yellow,1627318030.1639454
type,key,timestamp,time_delay,word_color,word_text,timestamp_stim
discordant,none,,-1,green,red,1627318114.0198011
discordant,none,,-1,yellow,green,1627318116.043794
discordant,none,,-1,red,yellow,1627318118.070797
discordant,none,,-1,green,red,1627318120.0887954
discordant,none,,-1,yellow,green,1627318122.105797
discordant,none,,-1,red,yellow,1627318124.1257973
discordant,none,,-1,yellow,red,1627318126.1397982
discordant,none,,-1,green,yellow,1627318128.1567998
discordant,none,,-1,yellow,red,1627318130.1707947
discordant,none,,-1,red,green,1627318132.1868012
discordant,none,,-1,yellow,red,1627318134.200797
discordant,none,,-1,green,yellow,1627318136.2187946
discordant,none,,-1,red,green,1627318138.2327967
discordant,none,,-1,yellow,red,1627318140.2467978
discordant,none,,-1,red,yellow,1627318142.2657979
discordant,none,,-1,green,red,1627318144.2837963
discordant,none,,-1,red,yellow,1627318146.2997978
discordant,none,,-1,yellow,green,1627318148.3147962
discordant,none,,-1,green,red,1627318150.3287945
discordant,none,,-1,yellow,green,1627318152.3437946
discordant,none,,-1,red,yellow,1627318154.3617954
discordant,none,,-1,yellow,green,1627318156.3757951
discordant,none,,-1,green,yellow,1627318158.3907976
discordant,none,,-1,yellow,red,1627318160.4097974
discordant,none,,-1,green,yellow,1627318162.4247973
type,key,timestamp,time_delay,word_color,word_text,timestamp_stim
concordant,none,,-1,yellow,yellow,1627318246.2047882
concordant,none,,-1,red,red,1627318248.2287881
concordant,none,,-1,green,green,1627318250.2557883
concordant,none,,-1,red,red,1627318252.2677882
concordant,none,,-1,yellow,yellow,1627318254.2827904
concordant,none,,-1,green,green,1627318256.303791
concordant,none,,-1,yellow,yellow,1627318258.3207898
concordant,none,,-1,green,green,1627318260.3347883
concordant,none,,-1,red,red,1627318262.3457892
concordant,none,,-1,green,green,1627318264.3647907
concordant,none,,-1,yellow,yellow,1627318266.378789
concordant,none,,-1,red,red,1627318268.3927896
concordant,none,,-1,green,green,1627318270.409789
concordant,none,,-1,yellow,yellow,1627318272.423793
concordant,none,,-1,green,green,1627318274.4407918
concordant,none,,-1,red,red,1627318276.4547882
concordant,none,,-1,yellow,yellow,1627318278.473792
concordant,none,,-1,green,green,1627318280.4867885
concordant,none,,-1,red,red,1627318282.4997964
concordant,none,,-1,green,green,1627318284.514788
concordant,none,,-1,red,red,1627318286.5347908
concordant,none,,-1,yellow,yellow,1627318288.5477896
concordant,none,,-1,green,green,1627318290.56279
concordant,none,,-1,yellow,yellow,1627318292.5807986
concordant,none,,-1,green,green,1627318294.5977857
type,key,timestamp,time_delay,word_color,word_text,timestamp_stim
discordant,none,,-1,green,yellow,1627318378.4563317
discordant,none,,-1,yellow,green,1627318380.4853306
discordant,none,,-1,green,red,1627318382.5063336
discordant,none,,-1,red,yellow,1627318384.5223298
discordant,none,,-1,yellow,green,1627318386.5373335
discordant,none,,-1,red,yellow,1627318388.553331
discordant,none,,-1,green,red,1627318390.5683339
discordant,none,,-1,yellow,green,1627318392.5873342
discordant,none,,-1,red,yellow,1627318394.6023319
discordant,none,,-1,yellow,green,1627318396.6173317
discordant,none,,-1,red,yellow,1627318398.635331
discordant,none,,-1,green,red,1627318400.648332
discordant,none,,-1,red,green,1627318402.6613321
discordant,none,,-1,yellow,red,1627318404.675332
discordant,none,,-1,green,yellow,1627318406.6903315
discordant,none,,-1,red,green,1627318408.707335
discordant,none,,-1,green,yellow,1627318410.7243314
discordant,none,,-1,yellow,red,1627318412.743331
discordant,none,,-1,green,yellow,1627318414.7613297
discordant,none,,-1,red,green,1627318416.7743335
discordant,none,,-1,yellow,red,1627318418.7933335
discordant,none,,-1,red,green,1627318420.8093314
discordant,none,,-1,green,yellow,1627318422.8243318
discordant,none,,-1,red,green,1627318424.8364599
discordant,none,,-1,yellow,red,1627318426.8501837
