{
    "params": {
        "study": "default",
        "session_type": "Stroop_speech",
        "eeg_device": "EPOC X",
        "participant_id": "blue-lion",
        "group": "default",
        "age": "24",
        "comments": "",
        "session_uuid": "084c0c97-3f40-4c35-8613-90bfb5bc8266",
        "timestamp": "20210726-124359"
    },
    "data_file": {
        "audio": "output/audio/20210726-124359_default_blue-lion.wav",
        "EEG": "output/EEG/EPOCX/blue lion speech_EPOCX_120482_2021.07.26T12.44.45.04.00.csv|output/EEG/EPOCX/blue lion speech_EPOCX_120482_2021.07.26T12.44.45.04.00.edf|output/EEG/EPOCX/blue lion speech_EPOCX_120482_2021.07.26T12.44.45.04.00.json|output/EEG/EPOCX/blue lion speech_EPOCX_120482_2021.07.26T12.44.45.04.00.mdedf",
        "keyboard": "output/keyboard/20210726-124359_default_blue-lion.csv"
    },
    "EEG_marks": {
        "EEG_markers": [
            {
                "name": "Stroop test",
                "type": "task",
                "mark": 80
            },
            {
                "name": "Relax",
                "type": "task",
                "mark": 73
            },
            {
                "name": "Concordant",
                "type": "stimulus",
                "mark": 1
            },
            {
                "name": "Discordant",
                "type": "stimulus",
                "mark": 2
            }
        ]
    },
    "task_log": [
        {
            "name": "text",
            "start": 1627317900.0193675,
            "end": 1627317905.0423691
        },
        {
            "name": "audio",
            "start": 1627317905.0423691,
            "end": 1627317905.1153693,
            "filename": "audio/audio_2547fa5a12-1min.mp3"
        },
        {
            "name": "video",
            "start": 1627317905.1153693,
            "end": 1627317968.8324232,
            "filename": "video/Background-8788.mp4"
        },
        {
            "name": "image",
            "start": 1627317968.8324232,
            "end": 1627317978.982422,
            "filename": "images/stroop_instructions_speak.png"
        },
        {
            "name": "audio",
            "start": 1627317978.982422,
            "end": 1627317981.6759367,
            "filename": "audio/voice_speak_your_answers.mp3"
        },
        {
            "name": "stroop",
            "start": 1627317981.6759367,
            "end": 1627318032.1799407
        },
        {
            "name": "text",
            "start": 1627318032.1799407,
            "end": 1627318037.2149403
        },
        {
            "name": "audio",
            "start": 1627318037.2149403,
            "end": 1627318037.2759364,
            "filename": "audio/audio_2547fa5a12-1min.mp3"
        },
        {
            "name": "video",
            "start": 1627318037.2759364,
            "end": 1627318101.0747957,
            "filename": "video/Background-8788.mp4"
        },
        {
            "name": "image",
            "start": 1627318101.0747957,
            "end": 1627318111.250794,
            "filename": "images/stroop_instructions_speak.png"
        },
        {
            "name": "audio",
            "start": 1627318111.250794,
            "end": 1627318113.9437947,
            "filename": "audio/voice_speak_your_answers.mp3"
        },
        {
            "name": "stroop",
            "start": 1627318113.9437947,
            "end": 1627318164.4357965
        },
        {
            "name": "text",
            "start": 1627318164.4357965,
            "end": 1627318169.4797947
        },
        {
            "name": "audio",
            "start": 1627318169.4797947,
            "end": 1627318169.5367951,
            "filename": "audio/audio_2547fa5a12-1min.mp3"
        },
        {
            "name": "video",
            "start": 1627318169.5367951,
            "end": 1627318233.246859,
            "filename": "video/Background-8788.mp4"
        },
        {
            "name": "image",
            "start": 1627318233.246859,
            "end": 1627318243.411861,
            "filename": "images/stroop_instructions_speak.png"
        },
        {
            "name": "audio",
            "start": 1627318243.411861,
            "end": 1627318246.1148055,
            "filename": "audio/voice_speak_your_answers.mp3"
        },
        {
            "name": "stroop",
            "start": 1627318246.1148055,
            "end": 1627318296.6127877
        },
        {
            "name": "text",
            "start": 1627318296.6127877,
            "end": 1627318301.6477878
        },
        {
            "name": "audio",
            "start": 1627318301.6477878,
            "end": 1627318301.7097893,
            "filename": "audio/audio_2547fa5a12-1min.mp3"
        },
        {
            "name": "video",
            "start": 1627318301.7097893,
            "end": 1627318365.5363176,
            "filename": "video/Background-8788.mp4"
        },
        {
            "name": "image",
            "start": 1627318365.5363176,
            "end": 1627318375.6873178,
            "filename": "images/stroop_instructions_speak.png"
        },
        {
            "name": "audio",
            "start": 1627318375.6883183,
            "end": 1627318378.3743305,
            "filename": "audio/voice_speak_your_answers.mp3"
        },
        {
            "name": "stroop",
            "start": 1627318378.3743305,
            "end": 1627318428.8629444
        }
    ]
}